Rk,Player,Tm,Pos,Shift,GPâ–¼,,TOI,CF% Rel,GF/60,GA/60,,TOI,CF% Rel,GF/60,GA/60,,TOI,CF% Rel,GF/60,GA/60
1,Marcus Pettersson\pettema01,TOT,D,0:36,84,,15:00,1.9,2.3,1.6,,0:51,-3.6,0.0,0.0,,0:49,-4.0,0.0,9.4
2,Kevin Fiala\fialake01,TOT,LW,0:51,83,,13:24,1.5,1.1,3.5,,2:13,7.1,5.1,1.0,,0:00,,,
3,Ryan Hartman\hartmry01,TOT,RW,0:43,83,,12:26,-0.2,2.8,2.3,,0:15,-16.7,2.8,2.8,,0:25,0.9,1.7,8.7
4,Aaron Ekblad\ekblaaa01,FLA,D,0:45,82,,19:39,0.4,3.5,3.4,,1:41,-2.2,7.4,1.7,,2:18,7.9,0.6,7.6
5,Adam Henrique\henriad01,ANA,C,0:33,82,,13:02,-1.5,2.5,2.6,,2:18,4.3,7.2,0.9,,1:05,0.6,0.7,6.7
6,Adam Larsson\larssad01,EDM,D,0:41,82,,19:32,1.8,1.9,3.0,,0:04,4.2,9.1,0.0,,2:00,0.4,1.1,9.5
7,Aleksander Barkov\barkoal01,FLA,C,0:33,82,,16:46,0.2,3.8,3.6,,3:30,4.2,11.5,2.1,,2:04,-2.7,0.4,8.1
8,Alex DeBrincat\debrial01,CHI,RW,0:42,82,,14:19,1.2,3.9,3.5,,3:15,2.3,8.5,1.6,,0:06,12.4,0.0,0.0
9,Alex Iafallo\iafalal01,LAK,C,0:34,82,,14:48,-1.3,2.3,2.9,,1:37,1.9,4.1,2.7,,0:23,-5.6,0.0,5.6
10,Alex Killorn\killoal01,TBL,C/LW,0:37,82,,11:33,4.0,3.2,2.0,,1:22,-3.0,6.9,1.1,,1:57,3.9,1.9,5.7
11,Anders Lee\leean01,NYI,C,0:45,82,,14:12,2.1,3.2,2.2,,2:51,5.8,6.0,0.0,,0:01,40.4,0.0,0.0
12,Andrei Svechnikov\svechan01,CAR,RW,0:43,82,,12:43,1.8,2.7,2.5,,1:54,-3.2,5.7,1.5,,0:00,83.0,0.0,0.0
13,Andy Greene\greenan01,NJD,D,0:44,82,,16:37,-2.7,2.6,3.3,,0:06,-2.8,6.6,0.0,,4:05,-3.2,1.4,5.5
14,Anthony Cirelli\cirelan01,TBL,C,0:29,82,,11:50,3.3,3.4,2.3,,0:17,3.5,10.0,0.0,,2:42,1.6,1.9,5.1
15,Artturi Lehkonen\lehkoar01,MTL,LW,0:37,82,,12:44,-0.8,3.2,2.6,,0:32,-1.0,2.7,1.3,,2:15,-1.4,0.3,5.8
16,Barclay Goodrow\goodrba01,SJS,RW,0:31,82,,9:31,0.5,2.5,2.3,,0:02,-52.2,0.0,0.0,,1:26,-3.1,1.0,7.9
17,Blake Wheeler\wheelbl01,WPG,RW,0:42,82,,16:00,-0.2,3.4,3.4,,3:35,1.7,9.2,1.0,,1:06,5.0,2.6,9.8
18,Bo Horvat\horvabo01,VAN,C,0:42,82,,16:56,2.5,2.7,2.8,,3:26,2.7,7.0,1.1,,0:27,-1.3,4.3,8.6
19,Brandon Montour\montobr01,TOT,D,0:38,82,,18:57,1.5,2.3,2.9,,1:48,-6.8,2.5,2.0,,1:40,-3.0,0.0,6.9
20,Brendan Gallagher\gallabr01,MTL,RW,0:45,82,,13:53,7.2,3.4,2.9,,2:27,6.8,4.7,0.3,,0:01,35.6,0.0,0.0
21,Brenden Dillon\dillobr01,SJS,D,0:51,82,,16:35,3.3,3.1,2.3,,0:03,14.8,0.0,0.0,,1:05,7.7,1.9,4.3
22,Brent Burns\burnsbr01,SJS,D/RW,1:01,82,,19:48,4.0,3.6,3.2,,3:16,-0.1,8.7,1.1,,2:00,1.7,1.7,5.5
23,Brock McGinn\mcginbr01,CAR,LW,0:38,82,,11:50,-5.1,2.7,2.2,,0:15,-1.7,2.8,0.0,,2:12,-9.4,0.7,5.6
24,Brock Nelson\nelsobr01,NYI,C,0:43,82,,14:46,-0.8,2.8,1.8,,2:24,-1.2,4.8,0.3,,0:48,2.5,0.9,8.2
25,Bryan Little\littlbr01,WPG,RW,0:47,82,,13:15,-1.6,2.6,3.3,,1:25,-1.9,8.4,1.1,,1:09,-3.8,1.3,8.8
26,Carl Soderberg\soderca01,COL,C,0:45,82,,13:15,-0.7,2.9,3.3,,1:42,1.0,5.8,0.8,,2:28,-1.8,0.9,6.5
27,Claude Giroux\giroucl01,PHI,C/RW,0:41,82,,16:11,6.6,4.0,3.4,,3:31,11.1,6.9,1.0,,1:44,11.2,0.8,5.1
28,Clayton Keller\kellecl01,ARI,C,0:40,82,,14:34,1.2,2.3,3.1,,3:31,7.3,5.6,1.0,,0:08,-12.4,0.0,6.8
29,Connor Brown\brownco02,TOR,RW,0:55,82,,11:35,-2.9,2.4,1.9,,0:14,-1.3,5.1,0.0,,1:57,-5.3,1.1,6.0
30,Damon Severson\severda01,NJD,D,0:40,82,,18:05,-0.8,2.5,3.6,,2:27,1.2,5.4,1.4,,1:29,4.4,1.8,5.8
31,Darnell Nurse\nurseda01,EDM,D,0:50,82,,20:03,-2.2,2.8,3.0,,1:50,-2.6,9.1,0.8,,1:55,-2.7,1.1,9.9
32,David Savard\savarda01,CBJ,D,0:40,82,,17:57,-0.8,3.1,2.3,,0:04,-36.6,0.0,0.0,,1:42,2.4,0.4,4.7
33,Dmitry Orlov\orlovdm01,WSH,D,0:40,82,,19:26,-1.2,2.8,2.7,,0:48,-6.3,1.8,0.9,,1:22,3.0,1.1,6.9
34,Dominik Kahun\kahundo01,CHI,C,0:38,82,,13:01,0.5,3.0,2.5,,1:03,-2.6,3.4,0.0,,0:03,13.5,0.0,11.1
35,Dougie Hamilton\hamildo01,CAR,D,0:34,82,,17:33,4.9,2.9,2.8,,1:51,-4.8,5.1,1.2,,0:15,12.9,0.0,2.9
36,Drew Doughty\doughdr01,LAK,D,0:45,82,,21:12,-1.3,2.0,2.9,,2:55,-0.9,7.0,2.5,,2:27,-4.2,0.6,9.8
37,Duncan Keith\keithdu01,CHI,D,0:42,82,,19:36,0.8,3.5,3.1,,1:22,-2.1,4.8,0.5,,2:01,-3.5,0.7,11.2
38,Esa Lindell\lindees01,DAL,D,0:44,82,,19:55,-5.9,2.4,2.0,,1:09,-1.7,6.5,0.0,,3:14,-1.6,0.7,6.6
39,Evgenii Dadonov\dadonev01,FLA,RW,0:30,82,,15:00,1.9,3.7,3.5,,3:21,-0.9,10.7,2.4,,0:00,-18.3,0.0,76.6
40,Ivan Provorov\provoiv01,PHI,D,0:51,82,,20:38,-2.0,2.9,3.4,,1:33,-10.0,3.3,2.4,,2:54,2.2,0.7,7.2
41,Jaccob Slavin\slavija01,CAR,D,0:37,82,,18:50,-0.2,2.6,2.7,,1:48,-2.5,5.2,0.8,,2:23,0.8,1.5,6.4
42,Jack Johnson\johnsja02,PIT,D,0:41,82,,16:40,-5.6,2.4,2.8,,0:19,-6.3,6.4,0.0,,2:16,-4.2,1.6,7.4
43,Jacob Trouba\troubja01,WPG,D,0:54,82,,18:21,0.7,3.2,3.1,,2:03,-1.4,9.3,0.4,,2:27,-2.2,1.5,7.1
44,Jake Guentzel\guentja01,PIT,C,0:45,82,,16:43,4.7,3.8,3.0,,2:07,-3.5,7.1,2.3,,0:30,2.1,3.0,7.6
45,Jakub Vrana\vranaja01,WSH,LW,0:35,82,,12:53,2.1,3.5,2.3,,1:08,-9.5,3.2,0.6,,0:00,,,
46,Jared Spurgeon\spurgja01,MIN,D,0:51,82,,19:22,1.0,2.7,2.7,,2:25,3.3,7.0,0.6,,2:20,0.1,0.3,7.9
47,Jeff Petry\petryje01,MTL,D,0:49,82,,18:29,2.3,3.3,3.5,,2:32,-3.7,4.6,0.6,,2:05,1.7,0.7,7.0
48,Jeff Skinner\skinnje01,BUF,C,0:33,82,,15:23,3.7,3.7,3.3,,3:05,2.0,7.2,1.7,,0:02,-11.6,0.0,24.8
49,John Tavares\tavarjo01,TOR,C,0:43,82,,16:17,2.5,4.5,3.3,,2:35,6.9,9.3,1.6,,0:11,-1.8,0.0,14.9
50,Johnny Gaudreau\gaudrjo01,CGY,LW,0:51,82,,16:40,1.7,3.9,2.9,,3:20,0.8,9.2,0.9,,0:02,24.1,0.0,25.9
51,Jonas Brodin\brodijo01,MIN,D,0:39,82,,18:09,0.1,1.8,2.4,,0:16,10.0,5.0,0.0,,2:06,-2.4,0.7,5.3
52,Jonathan Huberdeau\huberjo01,FLA,C,0:39,82,,15:16,3.7,3.4,3.7,,3:24,2.7,10.3,1.9,,0:10,8.3,0.0,4.3
53,Jonathan Marchessault\audymjo01,VEG,C,1:05,82,,15:26,-1.0,3.3,3.2,,2:41,1.6,6.6,0.3,,0:01,31.9,0.0,0.0
54,Jonathan Toews\toewsjo01,CHI,C,0:40,82,,16:00,2.5,3.7,3.6,,3:16,4.8,8.9,1.1,,1:44,1.6,1.7,12.2
55,Jordan Martinook\martijo01,CAR,LW,0:36,82,,12:46,0.2,2.7,2.7,,0:05,12.8,0.0,0.0,,1:37,1.7,0.9,7.3
56,Josh Anderson\anderjo05,CBJ,RW,0:37,82,,14:18,-0.4,3.4,2.1,,1:22,2.4,6.4,1.1,,1:20,1.4,1.6,6.0
57,Josh Bailey\bailejo01,NYI,C,0:41,82,,14:20,0.7,2.9,2.6,,2:27,2.2,5.6,0.0,,0:02,23.7,20.9,0.0
58,Justin Faulk\faulkju01,CAR,D,0:47,82,,17:45,-2.1,2.9,2.4,,2:56,5.4,7.7,1.5,,1:43,-1.4,1.3,5.9
59,Justin Williams\williju01,CAR,RW,0:37,82,,14:43,4.8,2.9,2.7,,2:42,2.0,7.9,1.9,,0:01,-17.3,0.0,0.0
60,Keith Yandle\yandlke01,FLA,D,0:38,82,,18:30,1.4,3.0,3.4,,3:33,2.2,10.7,1.6,,0:22,1.9,0.0,9.5
61,Kevin Labanc\labanke01,SJS,RW,0:41,82,,11:41,1.8,3.2,3.0,,2:19,5.7,8.8,0.9,,0:00,-16.4,0.0,17.5
62,Kyle Connor\connoky01,WPG,LW,0:47,82,,15:04,0.3,3.5,3.6,,3:29,3.7,9.7,0.8,,0:40,2.5,1.1,4.3
63,Leo Komarov\komarle01,NYI,C,0:40,82,,12:05,-4.7,2.8,1.8,,0:04,-20.5,0.0,0.0,,1:44,1.6,0.4,3.8
64,Leon Draisaitl\draisle01,EDM,C,0:45,82,,18:05,1.5,3.8,3.6,,3:20,6.8,9.6,1.1,,1:09,9.2,1.9,8.9
65,Marcus Foligno\foligma01,MIN,LW,0:42,82,,10:07,1.5,1.9,2.1,,0:02,-19.8,5.7,0.0,,1:48,2.8,0.8,4.9
66,Mark Scheifele\scheima01,WPG,C,0:47,82,,17:07,-0.9,3.4,3.0,,3:35,0.8,9.4,1.0,,1:08,5.1,2.6,10.9
67,Mathew Barzal\barzama01,NYI,C,0:47,82,,14:54,6.3,2.6,2.7,,2:56,0.2,5.6,0.2,,0:04,23.8,0.0,21.6
68,Mathieu Perreault\perrema01,WPG,C,0:43,82,,10:50,4.5,2.4,2.3,,1:22,-4.0,8.0,1.1,,0:00,,0.0,0.0
69,Matt Calvert\calvema01,COL,LW,0:37,82,,11:43,0.5,2.3,3.1,,0:12,3.8,7.9,0.0,,2:15,-2.0,0.7,8.1
70,Max Domi\domima01,MTL,LW,0:49,82,,14:45,-3.5,3.9,2.7,,2:34,-0.7,4.5,1.1,,0:03,7.9,0.0,0.0
71,Mika Zibanejad\zibanmi01,NYR,C,0:37,82,,15:43,3.4,2.9,3.6,,2:50,0.6,8.2,0.5,,1:59,-6.9,1.1,8.9
72,Mike Hoffman\hoffmmi02,FLA,C/LW,0:37,82,,14:23,2.0,2.5,3.4,,3:26,1.9,11.7,1.5,,0:00,-18.3,0.0,46.8
73,Miro Heiskanen\heiskmi01,DAL,D,0:36,82,,20:03,3.8,2.4,2.9,,1:39,1.1,5.7,0.0,,1:23,5.1,0.5,5.8
74,Mitch Marner\marnemi01,TOR,RW,0:46,82,,15:52,0.0,4.4,3.3,,2:35,7.6,9.3,1.4,,1:21,14.5,1.6,5.4
75,Morgan Rielly\riellmo01,TOR,D,0:43,82,,19:26,0.1,4.3,3.3,,2:36,3.3,8.9,1.4,,1:04,0.1,0.7,5.5
76,Nathan MacKinnon\mackina01,COL,C,0:51,82,,17:54,5.4,3.7,2.8,,4:04,-3.1,9.0,0.5,,0:06,18.1,0.0,13.8
77,Nick Leddy\leddyni01,NYI,D,1:01,82,,18:21,-5.4,2.7,2.6,,2:47,2.6,4.9,0.0,,0:23,11.1,0.0,3.8
78,Nikita Kucherov\kucheni01,TBL,RW,0:57,82,,16:11,2.2,4.3,3.0,,3:42,6.7,11.8,0.6,,0:03,8.6,0.0,33.0
79,Niklas Hjalmarsson\hjalmni01,ARI,D,0:43,82,,16:31,-0.1,2.1,2.4,,0:01,15.1,42.4,0.0,,3:09,1.2,2.9,4.8
80,Nino Niederreiter\niedeni01,TOT,RW,1:00,82,,13:57,6.5,3.5,2.5,,2:15,3.8,8.0,1.3,,0:01,14.8,0.0,0.0
81,Patrick Marleau\marlepa01,TOR,C,0:33,82,,14:30,-1.9,2.9,2.9,,1:45,-2.1,6.8,2.0,,0:04,18.2,0.0,11.4
82,Patrik Laine\lainepa01,WPG,RW,0:46,82,,13:42,-3.5,2.7,3.7,,3:30,1.9,9.6,1.0,,0:00,,0.0,0.0
83,Phil Kessel\kesseph01,PIT,RW,0:56,82,,14:45,-2.7,2.8,3.1,,3:12,1.6,9.6,2.8,,0:00,,0.0,0.0
84,Pierre-Luc Dubois\duboipi01,CBJ,LW,0:51,82,,15:14,2.8,4.1,3.3,,2:17,1.2,6.0,0.6,,0:10,-4.9,0.0,8.2
85,Rasmus Dahlin\dahlira01,BUF,D,0:41,82,,18:08,4.5,2.7,3.0,,2:51,-0.4,7.2,1.5,,0:09,-4.5,0.0,4.6
86,Riley Sheahan\sheahri01,TOT,C,0:48,82,,11:25,-0.1,2.1,2.6,,0:03,-35.2,0.0,0.0,,1:59,0.2,1.0,4.9
87,Robert Hagg\haggro01,PHI,D,0:34,82,,15:07,-6.7,2.8,3.0,,0:03,-5.6,0.0,0.0,,1:46,-3.2,0.4,7.7
88,Roman Josi\josiro01,NSH,D,0:42,82,,19:35,-0.6,3.1,2.7,,2:58,3.7,4.2,1.2,,2:35,1.1,1.1,6.2
89,Ryan Ellis\ellisry01,NSH,D,0:44,82,,19:14,-2.1,3.3,2.4,,2:05,4.8,4.2,1.4,,2:40,0.3,1.1,6.3
90,Ryan McDonagh\mcdonry01,TBL,D,0:47,82,,18:16,-2.6,3.8,2.5,,0:39,-0.6,8.8,0.0,,3:08,-3.3,1.4,4.9
91,Ryan Nugent-Hopkins\nugenry01,EDM,C,0:48,82,,15:09,-3.3,2.8,3.4,,3:14,5.4,9.3,0.9,,1:41,0.1,1.3,9.5
92,Ryan O'Reilly\oreilry01,STL,C,0:39,82,,15:54,2.9,3.4,2.4,,2:51,0.8,8.5,1.0,,1:59,-0.8,1.1,4.6
93,Ryan Pulock\pulocry01,NYI,D,0:43,82,,18:42,-1.4,2.9,2.0,,1:52,-1.3,4.1,0.0,,1:45,1.6,0.0,8.0
94,Ryan Suter\suterry01,MIN,D,0:57,82,,21:19,1.2,2.7,3.0,,3:03,-0.2,6.3,0.7,,2:18,0.3,1.3,8.7
95,Sam Reinhart\reinhsa01,BUF,C,0:45,82,,15:40,2.9,3.2,3.3,,3:12,1.7,7.3,1.8,,0:04,-3.9,0.0,10.2
96,Samuel Girard\girarsa01,COL,D,0:46,82,,17:44,-1.5,2.6,2.2,,2:00,1.3,7.4,0.7,,0:08,19.0,0.0,10.8
97,Scott Laughton\laughsc01,PHI,C,0:49,82,,12:26,-6.1,2.7,3.4,,0:09,-12.2,0.0,4.8,,2:14,-1.7,0.6,9.2
98,Sebastian Aho\ahose01,CAR,C,0:59,82,,16:02,3.4,3.7,2.6,,3:00,4.1,7.8,1.2,,1:06,6.5,3.3,6.6
99,Steven Stamkos\stamkst01,TBL,C,0:50,82,,14:04,0.8,3.6,3.3,,3:36,6.7,12.3,0.6,,0:36,0.1,2.5,2.5
100,Teuvo Teravainen\teravte01,CAR,LW,1:02,82,,14:17,0.9,3.3,1.8,,2:43,4.7,7.5,1.1,,0:53,9.6,4.1,6.6
101,Travis Konecny\konectr01,PHI,C,0:41,82,,13:37,2.2,3.0,3.0,,1:37,-4.2,5.9,1.8,,0:00,-14.4,0.0,0.0
102,Travis Sanheim\sanhetr01,PHI,D,0:34,82,,17:55,1.3,3.0,3.0,,1:02,-10.6,4.3,2.2,,0:35,3.1,0.0,8.0
103,Tyler Seguin\seguity01,DAL,C,0:38,82,,16:53,3.6,3.2,2.4,,2:59,3.0,8.5,0.5,,0:52,3.5,0.0,10.2
104,Tyler Toffoli\toffoty01,LAK,C,0:32,82,,13:51,6.1,2.3,2.9,,2:03,-2.9,5.3,2.5,,1:17,7.9,0.5,7.7
105,William Karlsson\karlswi01,VEG,C,1:03,82,,14:53,-0.9,3.0,3.2,,2:25,-0.9,5.8,0.0,,1:31,12.5,1.9,4.8
106,Zach Werenski\werenza01,CBJ,D,0:58,82,,19:09,1.4,2.9,3.3,,2:27,2.0,5.9,0.6,,1:17,9.5,0.6,7.4
107,Adrian Kempe\kempead01,LAK,LW,0:45,81,,12:36,4.3,2.0,2.4,,1:21,-3.8,3.3,2.2,,0:32,5.1,0.0,2.2
108,Alex Ovechkin\ovechal01,WSH,LW,0:43,81,,16:30,-0.1,4.1,3.6,,4:24,5.6,7.9,0.8,,0:00,,0.0,0.0
109,Anthony Beauvillier\beauvan01,NYI,LW,0:38,81,,12:59,2.5,2.5,2.3,,1:39,-6.3,3.5,0.4,,0:00,,0.0,0.0
110,Anze Kopitar\kopitan01,LAK,C,0:40,81,,17:30,-1.2,2.7,3.3,,2:50,0.4,7.1,2.1,,1:57,-2.0,0.7,10.0
111,Brayden McNabb\mcnabbr01,VEG,D,0:40,81,,16:36,-4.0,3.0,2.6,,0:03,11.7,0.0,0.0,,2:48,-14.3,0.5,8.2
112,Brett Connolly\connobr01,WSH,RW,0:51,81,,12:22,1.4,3.4,2.5,,0:56,-6.1,4.7,1.6,,0:01,,0.0,0.0
113,Charlie Coyle\coylech01,TOT,C/RW,0:54,81,,14:00,-1.2,1.4,1.8,,1:44,-10.0,6.8,0.0,,1:02,-11.9,0.0,19.5
114,Chris Tierney\tiernch01,OTT,C,0:40,81,,13:37,-2.7,2.9,4.0,,1:43,-4.1,7.7,1.3,,1:41,3.6,0.4,7.4
115,David Krejci\krejcda01,BOS,C,0:46,81,,15:15,4.8,3.4,2.6,,2:15,-4.3,7.9,3.0,,0:10,0.4,0.0,8.5
116,Derek Forbort\forbode01,LAK,D,0:46,81,,18:24,-4.3,1.8,2.4,,0:03,-50.7,14.1,0.0,,2:17,1.2,0.9,9.7
117,Derek Ryan\ryande01,CGY,C,0:42,81,,10:11,1.5,2.9,1.5,,1:41,-1.4,4.8,1.3,,1:55,-4.8,1.9,7.3
118,Elias Lindholm\lindhel01,CGY,C,0:46,81,,14:33,1.9,3.9,2.7,,3:12,0.3,8.8,0.7,,2:16,0.0,3.2,6.8
119,Eric Staal\staaler01,MIN,C,0:39,81,,15:03,3.1,2.7,3.0,,2:48,2.7,7.8,0.5,,0:15,9.8,2.9,0.0
120,Frank Vatrano\vatrafr01,FLA,LW,0:40,81,,12:59,0.7,2.3,2.7,,1:39,0.7,7.2,0.9,,0:01,-18.3,0.0,32.4
121,Gustav Nyquist\nyquigu01,TOT,RW,0:39,81,,15:20,7.1,3.3,3.2,,2:09,-1.0,5.4,1.4,,0:01,19.9,0.0,36.4
122,Jason Zucker\zuckeja01,MIN,LW,0:48,81,,14:39,3.4,2.1,2.6,,2:14,1.8,6.8,0.6,,0:10,15.9,4.2,0.0
123,Jimmy Vesey\veseyji02,NYR,LW,0:43,81,,13:04,-0.2,2.5,2.9,,1:40,3.4,5.3,0.4,,1:17,2.9,0.6,9.2
124,Jonathan Drouin\drouijo01,MTL,LW,0:39,81,,14:00,-2.3,2.9,3.2,,2:51,0.0,5.7,0.8,,0:03,29.0,0.0,0.0
125,Jordan Greenway\greenjo02,MIN,LW,0:39,81,,12:56,-3.0,1.9,2.5,,0:39,-6.0,3.7,0.9,,0:01,31.2,0.0,0.0
126,Jordie Benn\bennjo01,MTL,D,0:36,81,,15:23,-1.1,3.2,2.7,,0:01,-86.8,0.0,28.3,,2:46,-1.3,1.1,6.1
127,Lars Eller\ellerla01,WSH,C,0:37,81,,12:54,3.2,3.0,3.2,,1:17,-2.6,2.9,0.6,,2:20,-1.1,1.3,7.0
128,Lawson Crouse\crousla01,ARI,LW,0:31,81,,11:34,-5.3,2.2,2.2,,0:04,-9.0,0.0,0.0,,1:17,-0.7,2.2,5.6
129,Logan Couture\coutulo01,SJS,C,0:47,81,,14:08,-0.9,3.6,4.0,,2:53,1.7,9.2,1.3,,1:33,2.7,1.4,6.8
130,Loui Eriksson\erikslo01,VAN,LW,0:29,81,,11:36,-1.4,2.1,2.6,,1:16,-3.7,2.9,2.9,,1:11,4.7,0.6,3.0
131,Lucas Wallmark\wallmlu01,CAR,C,0:34,81,,12:40,-1.2,2.0,2.4,,1:14,0.1,5.4,1.2,,0:52,-8.2,0.0,6.7
132,Mattias Janmark\janmama02,DAL,C,0:36,81,,13:23,0.2,1.6,1.9,,0:19,-2.4,1.9,0.0,,1:29,0.8,0.5,4.5
133,Nick Bonino\boninni01,NSH,C,0:40,81,,12:42,-4.9,3.0,1.5,,1:39,0.5,4.0,0.4,,1:56,0.2,0.8,7.6
134,Nick Cousins\cousini01,ARI,C,0:25,81,,12:39,1.5,2.2,2.6,,0:52,1.3,6.8,1.7,,0:00,-17.1,0.0,14.3
135,Nikita Zaitsev\zaitsni01,TOR,D,0:49,81,,17:32,-4.0,2.6,2.7,,0:04,-25.5,0.0,0.0,,2:51,4.0,1.0,7.5
136,Oliver Ekman-Larsson\ekmanol01,ARI,D,0:41,81,,18:49,4.6,2.2,2.9,,3:33,5.4,5.4,0.8,,1:15,1.1,2.2,6.1
137,Oskar Lindblom\lindbos01,PHI,LW,0:43,81,,11:50,3.0,2.7,3.0,,1:05,-2.6,4.2,2.8,,0:48,-3.9,0.0,8.1
138,Patrick Kane\kanepa01,CHI,RW,0:54,81,,18:43,0.6,4.0,3.7,,3:42,4.5,8.4,1.0,,0:03,17.0,0.0,0.0
139,Phillip Danault\danauph01,MTL,LW,0:37,81,,14:47,3.9,3.7,2.9,,0:28,5.5,9.1,0.0,,2:30,2.1,0.6,6.8
140,Radek Faksa\faksara01,DAL,C,0:43,81,,13:55,-3.7,2.0,2.3,,0:53,1.8,5.5,0.0,,1:37,-0.5,1.4,5.5
141,Ron Hainsey\hainsro01,TOR,D,0:38,81,,17:22,-4.2,3.8,2.6,,0:02,-2.1,5.2,0.0,,2:50,-1.5,1.0,8.4
142,Ryan Strome\stromry01,TOT,C,0:42,81,,13:07,3.2,1.8,1.8,,1:20,-19.0,4.4,2.2,,1:06,-3.3,0.0,5.9
143,Brandon Saad\saadbr01,CHI,LW,0:51,80,,14:31,5.1,3.0,3.5,,1:28,-1.7,4.6,1.5,,1:41,11.3,1.8,7.5
144,Brandon Tanev\tanevbr01,WPG,LW,0:48,80,,11:56,-0.1,2.1,1.8,,0:03,13.7,0.0,0.0,,2:06,-4.3,1.4,5.7
145,Cam Atkinson\atkinca01,CBJ,RW,0:48,80,,15:21,2.4,3.8,3.8,,2:41,0.8,5.3,0.6,,1:20,7.9,2.8,2.8
146,Cedric Paquette\paquece01,TBL,C,0:29,80,,9:56,-6.9,2.4,2.2,,0:02,-60.4,0.0,0.0,,2:00,-3.4,1.1,5.2
147,Colton Parayko\parayco01,STL,D,0:47,80,,20:03,-2.4,2.7,1.9,,1:18,2.5,7.6,0.6,,1:24,-2.9,0.0,3.0
148,Erik Johnson\johnser01,COL,D,0:44,80,,18:21,-2.2,2.9,2.8,,0:21,-8.8,7.4,0.0,,3:06,-0.9,1.2,7.0
149,Greg Pateryn\patergr01,MIN,D,0:51,80,,15:19,-2.6,2.0,2.5,,0:02,-23.9,3.6,0.0,,1:45,-6.0,0.0,4.7
150,Ivan Barbashev\barbaiv01,STL,C,0:37,80,,9:53,-3.9,2.1,2.6,,0:03,11.2,0.0,0.0,,1:34,6.2,0.9,7.9
151,Jake Muzzin\muzzija01,TOT,D,0:42,80,,18:24,3.9,2.8,2.0,,1:10,-0.6,3.2,2.1,,1:45,-1.5,0.0,6.0
152,John Carlson\carlsjo01,WSH,D,0:42,80,,18:24,3.4,4.3,3.5,,4:04,5.3,8.5,0.7,,2:34,2.4,0.9,6.4
153,Joonas Donskoi\donskjo01,SJS,RW,0:44,80,,12:47,-0.1,3.2,2.5,,0:35,-0.8,6.4,1.3,,0:02,33.7,0.0,8.7
154,Magnus Paajarvi\paajama01,OTT,LW,0:50,80,,11:25,-3.1,1.8,2.9,,0:05,-23.6,0.0,0.0,,1:57,-6.9,0.8,7.7
155,Marcus Sorensen\sorenma01,SJS,RW,0:31,80,,11:36,-1.4,3.0,2.5,,0:18,-10.7,4.9,2.5,,1:03,-5.1,2.0,6.0
156,Markus Nutivaara\nutivma01,CBJ,D,0:41,80,,17:20,-2.1,2.6,2.5,,0:10,6.4,4.3,0.0,,0:09,-21.1,0.0,4.5
157,Matt Niskanen\niskama01,WSH,D,0:37,80,,18:35,-3.2,2.4,2.6,,0:34,0.6,2.6,0.0,,2:45,-2.5,0.5,8.7
158,Matthew Tkachuk\tkachma01,CGY,LW,0:57,80,,14:20,4.6,3.6,2.7,,3:12,0.6,9.1,0.7,,0:02,59.1,0.0,102.9
159,Mattias Ekholm\ekholma01,NSH,D,0:46,80,,19:45,3.1,3.0,2.0,,1:22,-4.6,4.9,1.6,,2:13,2.0,1.0,6.7
160,Nick Jensen\jenseni02,TOT,D,0:41,80,,17:21,1.1,2.5,2.6,,0:03,-34.6,0.0,0.0,,2:26,-0.2,0.7,6.2
161,Nicklas Backstrom\backsni02,WSH,C,0:37,80,,15:19,1.3,3.4,3.1,,3:41,8.7,8.9,0.8,,0:55,4.8,0.0,7.2
162,Noah Hanifin\hanifno01,CGY,D,0:44,80,,17:56,-1.8,3.1,2.5,,1:07,-3.1,4.0,0.7,,1:42,6.4,2.2,8.0
163,Ryan Johansen\johanry01,NSH,C,0:39,80,,15:05,3.9,3.8,3.5,,3:02,5.1,5.4,1.0,,1:25,8.1,2.1,2.1
164,Ryan Reaves\reavery01,VEG,RW,0:44,80,,10:08,0.3,1.9,1.9,,0:43,-5.3,7.7,0.0,,0:00,,,
165,Sean Couturier\coutuse01,PHI,C,0:40,80,,16:41,7.0,3.9,3.8,,3:07,8.9,7.5,0.7,,2:18,2.6,0.3,6.1
166,Tanner Pearson\pearsta01,TOT,LW,0:31,80,,12:32,-1.6,0.3,3.0,,1:14,0.9,0.0,0.0,,0:16,-10.8,0.0,0.0
167,Tomas Tatar\tatarto01,MTL,C,0:44,80,,14:07,7.9,3.4,2.2,,2:15,3.2,4.6,0.3,,0:01,85.8,0.0,0.0
168,Travis Zajac\zajactr01,NJD,C,0:42,80,,13:54,0.6,2.5,3.9,,2:38,3.0,6.2,1.4,,2:43,6.1,1.6,5.8
169,Tyler Johnson\johnsty01,TBL,C,0:45,80,,13:52,-0.9,3.8,3.0,,1:35,1.2,8.9,0.0,,0:28,-3.4,1.6,6.5
170,Tyler Myers\myersty01,WPG,D,0:45,80,,17:02,-0.2,2.9,2.6,,1:09,-1.6,9.3,1.3,,2:09,0.5,1.7,9.3
171,Yanni Gourde\gourdya01,TBL,C,0:44,80,,12:40,1.1,3.3,2.9,,1:24,-2.4,9.9,0.0,,1:44,-0.5,0.9,5.6
172,Artemi Panarin\panarar01,CBJ,LW,0:49,79,,17:00,6.7,4.1,3.4,,2:48,1.8,6.0,0.8,,0:02,20.6,0.0,18.0
173,Brad Marchand\marchbr03,BOS,LW,0:38,79,,14:53,3.6,3.8,3.0,,3:09,5.5,12.5,1.9,,1:34,4.5,3.4,5.8
174,Brayden Point\pointbr01,TBL,C,0:46,79,,15:27,0.7,3.9,2.6,,3:21,5.0,13.5,0.2,,0:06,-11.4,0.0,0.0
175,Calle Jarnkrok\jarnkca01,NSH,C,0:37,79,,12:45,-1.3,2.9,2.0,,0:55,-1.9,2.5,2.5,,1:45,-7.5,0.4,7.4
176,Chris Kreider\kreidch01,NYR,C,0:36,79,,14:44,5.5,3.5,3.2,,2:36,0.9,8.4,0.6,,0:03,-14.4,0.0,12.2
177,Erik Gustafsson\gustaer02,CHI,D,0:38,79,,19:26,2.1,3.2,3.3,,3:02,1.6,8.0,1.3,,0:06,12.2,0.0,5.8
178,Jesperi Kotkaniemi\kotkaje01,MTL,C,0:45,79,,11:48,3.8,2.4,2.1,,1:55,-2.7,3.5,1.2,,0:00,-14.6,0.0,0.0
179,Marc Staal\staalma01,NYR,D,0:41,79,,16:29,-4.9,2.4,3.0,,0:01,13.0,0.0,0.0,,2:53,-5.1,0.8,8.1
180,Mark Jankowski\jankoma01,CGY,C,0:35,79,,10:31,-3.4,2.1,2.5,,0:14,-12.4,0.0,0.0,,1:55,7.0,4.7,5.9
181,Melker Karlsson\karlsme01,SJS,C,0:31,79,,9:58,-2.5,2.1,2.2,,0:02,-52.5,0.0,0.0,,1:28,-7.7,0.5,7.1
182,Mikael Granlund\granlmi01,TOT,C,0:39,79,,15:09,1.6,2.4,2.6,,2:33,-0.1,6.8,0.3,,0:37,5.7,2.5,8.9
183,Milan Lucic\lucicmi01,EDM,LW,0:49,79,,11:53,3.6,1.9,2.4,,1:20,1.4,6.8,0.6,,0:00,,,
184,Niklas Kronwall\kronwni01,DET,D,0:50,79,,17:13,1.9,2.6,2.9,,1:39,-2.1,6.5,0.5,,1:04,4.9,2.1,10.6
185,Rasmus Andersson\anderra01,CGY,D,0:40,79,,14:40,-3.0,2.8,2.0,,1:00,4.2,6.0,0.7,,0:22,-1.4,2.2,4.3
186,Scott Mayfield\mayfisc01,NYI,D,0:42,79,,16:22,2.0,2.5,1.8,,0:01,13.3,0.0,0.0,,2:19,-3.9,1.3,5.9
187,Shea Theodore\theodsh01,VEG,D,0:54,79,,17:30,4.0,2.4,2.6,,2:25,0.9,5.5,0.0,,0:10,0.2,4.5,4.5
188,Sidney Crosby\crosbsi01,PIT,C,0:47,79,,17:13,6.6,4.2,2.9,,3:11,1.0,9.8,3.0,,0:34,-0.7,2.7,6.8
189,T.J. Brodie\broditj01,CGY,D,0:42,79,,18:33,3.3,3.3,2.3,,0:59,5.3,4.6,1.5,,1:55,4.0,2.8,7.9
190,Wayne Simmonds\simmowa01,TOT,RW,0:40,79,,12:54,-2.4,2.0,0.7,,2:45,-2.0,2.0,0.0,,0:00,,0.0,0.0
191,Zack Kassian\kassiza01,EDM,RW,0:38,79,,13:28,0.4,2.9,3.4,,0:05,6.1,0.0,0.0,,1:14,-2.1,1.2,7.9
192,Adam Lowry\lowryad01,WPG,LW,0:44,78,,12:16,1.6,2.1,1.9,,0:06,-29.5,0.0,7.7,,2:15,-3.5,1.4,5.8
193,Adam Pelech\pelecad01,NYI,D,0:37,78,,16:55,1.8,2.6,1.6,,0:05,-17.1,0.0,0.0,,1:36,-4.7,0.5,8.7
194,Alexander Kerfoot\kerfoal01,COL,C,0:47,78,,12:45,2.7,2.4,2.8,,2:03,2.1,7.6,0.7,,0:03,3.7,0.0,12.7
195,Andrew Cogliano\coglian01,TOT,LW/C,0:41,78,,11:09,0.2,1.5,1.2,,0:03,-2.4,14.9,0.0,,1:22,5.1,0.0,5.1
196,Artem Anisimov\anisiar01,CHI,C,0:37,78,,13:48,-1.4,2.6,2.6,,1:24,-6.3,4.4,1.6,,1:08,2.3,0.7,9.3
197,Ben Chiarot\chiarbe01,WPG,D,0:55,78,,16:52,-2.3,2.1,2.0,,0:01,,0.0,0.0,,1:42,-1.0,1.8,7.2
198,Blake Coleman\colembl01,NJD,C,0:31,78,,13:35,1.7,2.6,3.8,,0:43,-1.0,7.4,1.8,,2:41,5.6,1.4,6.4
199,Bobby Ryan\ryanbo01,OTT,LW,0:45,78,,13:13,0.4,2.4,4.0,,2:21,3.6,7.8,1.0,,0:05,29.5,0.0,0.0
200,Brady Skjei\skjeibr01,NYR,D,0:43,78,,18:45,-0.3,2.7,2.9,,0:14,-15.6,3.2,3.2,,2:13,3.4,1.0,6.2
201,Brent Seabrook\seabrbr01,CHI,D,0:39,78,,15:21,-3.5,2.5,3.0,,1:37,-2.0,5.6,0.5,,2:06,2.2,1.4,10.5
202,Cody Eakin\eakinco01,VEG,C,0:59,78,,12:56,-6.5,3.0,2.2,,1:07,-3.0,4.2,0.0,,1:19,-1.1,2.3,7.5
203,Connor McDavid\mcdavco01,EDM,C,0:55,78,,18:47,3.8,4.0,3.8,,3:25,8.1,9.4,0.7,,0:37,13.7,3.7,12.3
204,Conor Sheary\shearco01,BUF,LW,0:48,78,,12:53,1.0,2.3,3.2,,1:42,-1.3,6.8,0.9,,0:01,-11.5,0.0,22.8
205,Dylan Strome\stromdy01,TOT,C,0:35,78,,13:07,2.3,0.8,2.4,,2:59,1.7,6.2,3.7,,0:01,,0.0,0.0
206,Jakub Voracek\voracja01,PHI,RW,0:41,78,,15:22,1.2,3.3,3.8,,3:15,6.7,6.9,1.7,,0:01,5.8,0.0,5.7
207,Jamie Benn\bennja01,DAL,LW,0:40,78,,15:13,2.3,3.2,2.3,,2:37,0.9,7.9,0.6,,0:21,3.2,0.0,8.4
208,Jared McCann\mccanja01,TOT,C,0:38,78,,12:31,-2.5,2.5,3.5,,0:48,-0.6,7.4,1.2,,1:10,0.0,1.3,5.3
209,Jay Bouwmeester\bouwmja01,STL,D,0:49,78,,18:28,-6.3,1.9,2.1,,0:03,-39.5,13.3,0.0,,2:11,-4.5,0.7,7.1
210,Jordan Eberle\eberljo01,NYI,RW,0:39,78,,13:41,2.9,2.4,2.6,,2:48,3.3,6.2,0.0,,0:01,23.8,0.0,32.4
211,Justin Braun\braunju01,SJS,D,0:58,78,,17:54,-6.9,1.9,2.7,,0:06,-7.6,7.4,0.0,,2:17,-10.6,1.3,9.1
212,Kasperi Kapanen\kapanka01,TOR,RW,0:48,78,,14:12,2.2,3.5,2.8,,0:47,-8.1,5.4,2.7,,1:36,1.8,1.4,6.2
213,Kyle Okposo\okposky01,BUF,RW,0:52,78,,11:52,-2.0,2.2,2.7,,1:53,-0.2,6.5,0.8,,0:01,-11.1,0.0,0.0
214,Luke Glendening\glendlu01,DET,C,0:40,78,,13:08,-8.9,2.4,2.6,,0:08,1.7,0.0,0.0,,2:31,-2.4,1.8,8.2
215,Mark Giordano\giordma01,CGY,D,0:45,78,,18:15,5.0,3.9,2.5,,3:19,-1.3,9.5,0.9,,2:38,-3.8,3.2,7.5
216,Nate Thompson\thompna01,TOT,C,0:42,78,,10:54,-5.9,2.1,1.7,,0:16,-12.0,0.0,2.9,,1:49,-3.0,0.0,5.3
217,Rasmus Ristolainen\ristora01,BUF,D,0:46,78,,19:27,-3.0,2.3,3.7,,3:00,0.3,7.5,1.8,,2:10,1.2,0.4,7.4
218,Riley Nash\nashri02,CBJ,C,0:28,78,,10:27,-1.3,1.7,2.2,,0:04,-11.1,0.0,0.0,,0:17,-16.8,0.0,18.6
219,Ryan Dzingel\dzingry01,TOT,C,0:52,78,,15:01,-3.4,3.1,2.1,,1:46,2.7,4.7,4.7,,0:00,-16.3,0.0,0.0
220,Sean Monahan\monahse01,CGY,C,0:51,78,,15:40,0.1,3.8,3.3,,3:18,3.5,9.8,0.9,,0:03,26.5,0.0,19.7
221,Shayne Gostisbehere\gostish01,PHI,D,0:45,78,,16:05,5.0,2.7,3.4,,3:28,8.7,6.0,1.1,,0:05,5.4,0.0,7.0
222,Timo Meier\meierti01,SJS,RW,0:50,78,,14:39,2.1,3.9,3.0,,1:48,-4.3,7.2,3.0,,0:30,12.8,1.3,3.9
223,Trevor van Riemsdyk\vanritr01,CAR,D,0:51,78,,13:58,-0.7,2.1,2.4,,0:03,0.5,0.0,0.0,,1:01,7.7,0.0,9.8
224,Troy Stecher\stechtr01,VAN,D,0:46,78,,17:35,3.6,2.4,2.1,,0:52,-3.3,2.6,0.9,,1:26,5.1,1.5,4.6
225,Tyson Barrie\barrity01,COL,D,0:55,78,,17:40,4.5,3.0,2.9,,4:02,-1.7,7.7,0.6,,0:03,62.1,0.0,11.9
226,Vince Dunn\dunnvi02,STL,D,0:41,78,,15:18,4.9,2.9,2.1,,2:06,4.4,7.3,0.4,,0:06,17.4,0.0,4.5
227,Vladislav Namestnikov\namesvl01,NYR,C,0:42,78,,12:45,1.5,2.2,2.8,,1:23,0.3,8.3,1.1,,1:38,1.2,2.3,7.0
228,Will Butcher\butchwi01,NJD,D,0:39,78,,16:22,4.9,2.7,3.3,,2:46,-0.1,6.8,1.4,,0:07,-5.9,0.0,3.3
229,Blake Comeau\comeabl01,DAL,RW,0:42,77,,13:35,-1.9,1.7,2.2,,0:03,-60.6,0.0,0.0,,2:04,-0.5,0.4,7.1
230,Boone Jenner\jennebo01,CBJ,C,0:36,77,,14:00,-2.6,2.9,2.7,,1:35,0.7,4.4,0.5,,1:27,-1.2,1.6,8.0
231,Casey Mittelstadt\mitteca01,BUF,C,0:49,77,,11:40,-1.0,2.1,3.2,,1:45,0.2,6.6,1.3,,0:00,-11.5,0.0,0.0
232,Danton Heinen\heineda01,BOS,C/LW,0:49,77,,12:28,-0.3,2.4,1.4,,1:22,2.7,8.0,1.7,,0:07,-6.8,0.0,12.0
233,Dylan DeMelo\demeldy01,OTT,D,0:44,77,,17:08,3.0,3.5,3.7,,0:28,-0.2,6.6,1.6,,1:39,-4.7,1.4,6.1
234,Jack Eichel\eicheja01,BUF,C,0:46,77,,16:22,2.9,3.6,3.8,,3:31,2.5,8.0,1.8,,0:32,12.1,0.0,7.3
235,Jack Roslovic\rosloja01,WPG,C,0:34,77,,9:07,0.9,2.3,2.4,,0:36,3.3,10.1,1.3,,0:00,-11.1,0.0,0.0
236,Mark Stone\stonema01,TOT,RW,0:50,77,,16:13,11.3,4.2,3.3,,2:32,8.5,8.4,1.1,,1:06,12.0,0.8,6.9
237,Markus Granlund\granlma01,VAN,C,0:45,77,,11:03,0.5,1.8,2.0,,1:34,0.4,5.0,2.0,,2:24,1.9,1.0,8.9
238,Mikael Backlund\backlmi01,CGY,C,0:54,77,,14:50,1.9,3.7,2.0,,1:39,0.9,2.8,0.5,,1:23,1.8,1.7,9.0
239,Oliver Bjorkstrand\bjorkol01,CBJ,RW,0:44,77,,11:05,2.9,3.0,2.3,,1:14,3.7,5.6,1.2,,0:00,,0.0,0.0
240,Radko Gudas\gudasra01,PHI,D,0:40,77,,15:13,0.7,2.7,2.5,,0:01,-35.3,44.4,0.0,,2:37,0.4,0.6,7.0
241,Roman Polak\polakro01,DAL,D,0:40,77,,16:29,-6.7,2.0,1.9,,0:02,-52.6,0.0,0.0,,2:38,-7.1,0.6,6.8
242,Tomas Hertl\hertlto01,SJS,C,0:35,77,,14:30,-0.6,4.2,3.8,,2:52,1.6,9.2,1.1,,1:38,4.1,0.9,6.9
243,Warren Foegele\foegewa01,CAR,LW,0:33,77,,11:05,-1.3,1.8,2.9,,0:06,2.9,0.0,0.0,,1:17,6.9,0.0,9.1
244,Alex Goligoski\goligal01,ARI,D,0:41,76,,17:24,-0.7,2.4,2.6,,1:50,-7.0,6.0,2.1,,1:33,-1.4,1.9,4.8
245,Andre Burakovsky\burakan01,WSH,LW,0:43,76,,10:50,-0.4,2.6,2.3,,0:14,5.5,3.3,0.0,,0:02,66.0,0.0,0.0
246,Andreas Athanasiou\athanan01,DET,C,0:44,76,,14:39,-2.1,2.7,3.2,,2:13,1.2,7.5,0.4,,0:05,12.3,0.0,9.3
247,Brian Dumoulin\dumoubr01,PIT,D,0:39,76,,18:30,4.1,3.6,2.4,,0:07,-4.3,2.6,0.0,,2:23,0.5,1.7,7.1
248,Chris Wagner\wagnech01,BOS,C,0:47,76,,11:57,-4.3,2.2,1.9,,0:02,-33.5,0.0,16.1,,1:26,2.5,0.0,6.0
249,Craig Smith\smithcr01,NSH,C,0:36,76,,12:36,1.3,2.7,1.9,,2:30,2.3,5.7,0.3,,0:00,33.4,0.0,0.0
250,Devin Shore\shorede01,TOT,C,0:51,76,,11:43,-0.4,2.2,3.8,,1:15,-10.8,7.9,2.6,,1:16,3.8,1.2,6.1
251,Dylan Larkin\larkidy01,DET,C,0:40,76,,18:04,10.2,3.1,3.2,,2:26,1.9,7.8,1.6,,1:18,4.2,1.8,7.2
252,Erik Gudbranson\gudbrer01,TOT,D,0:43,76,,16:08,5.5,2.4,1.5,,0:02,,0.0,0.0,,2:02,2.6,3.9,11.6
253,Evgeny Kuznetsov\kuzneev01,WSH,C,0:45,76,,14:54,-1.5,3.7,3.1,,3:39,8.8,8.8,0.9,,0:13,15.3,0.0,10.7
254,Garnet Hathaway\hathaga01,CGY,RW,0:36,76,,8:38,-4.7,2.5,1.6,,0:11,-2.6,0.0,0.0,,1:41,-2.2,1.9,4.7
255,Hampus Lindholm\lindhha01,ANA,D,0:48,76,,19:41,2.4,2.6,2.8,,1:13,-0.6,6.3,1.9,,3:04,0.0,1.0,7.0
256,Jason Spezza\spezzja01,DAL,C,0:37,76,,11:02,3.0,1.8,2.7,,2:12,2.3,9.3,0.3,,0:01,-11.1,0.0,41.4
257,Jeff Carter\carteje01,LAK,C,0:32,76,,14:26,-1.0,2.0,2.9,,2:27,2.9,7.1,1.6,,1:15,6.7,1.1,9.0
258,Josh Leivo\leivojo01,TOT,LW,0:45,76,,11:44,1.9,1.8,1.5,,2:16,-5.6,4.8,0.0,,0:00,,,
259,Pierre-Edouard Bellemare\bellepi01,VEG,LW,0:42,76,,10:23,-1.2,2.2,2.3,,0:04,12.2,0.0,0.0,,1:56,-10.6,1.2,7.3
260,Vladimir Tarasenko\tarasvl01,STL,RW,0:42,76,,15:25,4.6,3.2,2.7,,2:54,0.5,8.2,0.8,,0:03,-13.8,0.0,0.0
261,Alexander Wennberg\wennbal01,CBJ,C,0:49,75,,11:55,1.3,2.4,2.8,,1:52,0.4,4.7,0.4,,1:16,5.6,2.5,3.8
262,Colton Sissons\sissoco01,NSH,C,0:40,75,,12:54,-2.9,3.0,1.8,,1:10,0.4,6.2,1.4,,1:58,-4.0,0.8,7.3
263,Evander Kane\kaneev01,SJS,LW,0:49,75,,15:30,1.3,3.5,3.7,,1:55,2.1,8.3,1.2,,0:59,3.8,1.5,2.3
264,Filip Chytil\chytifi01,NYR,C,0:47,75,,12:19,0.5,1.6,3.0,,1:27,-7.0,7.1,0.5,,0:00,,0.0,0.0
265,J.T. Miller\millejt01,TBL,C,0:51,75,,12:03,2.9,3.1,2.4,,2:34,-3.0,11.9,0.9,,0:02,13.9,0.0,0.0
266,Joe Pavelski\paveljo01,SJS,C,0:50,75,,15:22,0.7,3.1,3.1,,2:57,1.2,9.7,1.3,,0:42,-0.7,1.0,9.7
267,Mike Matheson\mathemi01,FLA,D,0:56,75,,19:07,-3.4,2.6,3.6,,0:47,-7.8,10.2,3.0,,2:23,3.2,0.7,7.3
268,Mikhail Sergachev\sergami01,TBL,D,0:53,75,,16:10,3.0,3.1,2.5,,1:30,-5.2,5.9,1.1,,0:13,6.4,3.9,15.6
269,Richard Panik\panikri01,ARI,RW,0:30,75,,13:25,2.6,2.8,2.9,,1:59,-4.5,3.2,1.2,,1:11,3.3,1.9,7.6
270,Seth Jones\jonesse01,CBJ,D,1:04,75,,21:12,3.0,3.2,3.3,,2:20,-4.8,4.8,1.4,,2:16,-7.9,2.5,5.6
271,Troy Brouwer\brouwtr01,FLA,RW,0:37,75,,10:44,-2.9,2.2,2.8,,0:17,-4.4,2.8,0.0,,1:39,-4.3,0.5,5.8
272,Alex Tuch\tuchal01,VEG,RW,0:53,74,,14:13,0.7,3.4,2.6,,2:29,2.8,6.4,0.6,,0:00,,,
273,Anthony Duclair\duclaan01,TOT,LW,0:38,74,,11:03,-2.7,2.4,2.7,,1:37,-3.4,5.6,1.4,,0:01,4.6,0.0,0.0
274,Braydon Coburn\coburbr01,TBL,D,0:56,74,,15:02,2.2,2.8,2.6,,0:02,-84.7,0.0,0.0,,1:01,-5.1,0.0,9.5
275,Calvin de Haan\dehaaca01,CAR,D,0:56,74,,16:25,0.3,2.3,2.3,,0:05,-37.7,8.3,0.0,,1:59,-1.9,0.8,8.6
276,Cody Ceci\cecico01,OTT,D,0:41,74,,19:35,-1.9,2.7,3.6,,0:28,-14.6,5.2,0.0,,2:29,1.2,0.0,8.1
277,Deryk Engelland\engelde01,VEG,D,0:52,74,,16:35,-6.3,2.4,2.6,,0:04,-43.1,0.0,0.0,,3:12,-18.1,0.3,8.1
278,Evan Rodrigues\rodriev01,BUF,C,0:36,74,,12:47,2.0,2.5,3.0,,1:21,1.7,6.0,0.6,,1:40,9.2,1.5,6.8
279,Johnny Boychuk\boychjo01,NYI,D,0:40,74,,16:39,-2.7,2.6,2.3,,0:40,0.2,3.4,1.1,,1:30,0.2,1.6,9.7
280,Josh Manson\mansojo01,ANA,D,0:38,74,,19:00,-1.8,2.1,2.6,,0:07,7.4,0.0,0.0,,3:10,0.9,1.0,6.7
281,Kyle Palmieri\palmiky01,NJD,RW,0:41,74,,14:33,2.2,3.2,3.2,,3:17,4.2,6.5,2.4,,0:17,-5.1,0.0,1.9
282,Marcus Kruger\krugema01,CHI,C,0:19,74,,8:35,-2.8,2.1,2.4,,0:01,-38.1,0.0,0.0,,1:47,-6.6,0.5,9.0
283,Mikko Rantanen\rantami01,COL,RW,0:47,74,,16:44,5.2,3.6,2.8,,4:05,-2.8,8.8,0.8,,0:01,-13.5,0.0,0.0
284,Oskar Sundqvist\sundqos01,STL,C,0:41,74,,11:47,-2.7,2.3,2.5,,0:22,5.6,6.5,2.2,,1:39,4.7,1.0,6.2
285,Pat Maroon\maroopa01,STL,LW,0:44,74,,12:13,0.4,2.5,2.7,,1:57,3.9,8.8,0.0,,0:00,,0.0,0.0
286,Patrik Nemeth\nemetpa01,COL,D,0:44,74,,13:14,-3.4,2.5,2.3,,0:01,,0.0,0.0,,3:13,-0.1,1.0,5.8
287,Reilly Smith\smithre01,VEG,RW,1:00,74,,14:16,-0.3,3.2,2.7,,2:27,1.8,7.6,0.0,,1:32,17.4,2.1,4.7
288,Tyler Motte\mottety01,VAN,C,0:50,74,,11:01,-6.4,1.7,2.8,,0:02,13.2,0.0,0.0,,1:42,-1.2,1.4,5.1
289,Zach Parise\parisza01,MIN,LW,0:37,74,,14:35,0.6,3.2,3.3,,2:54,0.9,6.7,0.5,,1:10,1.2,1.4,8.4
290,Alex Chiasson\chiasal01,EDM,RW,0:51,73,,13:44,-3.3,2.3,2.3,,2:37,0.1,9.7,1.3,,0:36,0.0,4.0,8.0
291,Andreas Johnsson\johnsan01,TOR,LW,0:53,73,,12:04,2.8,3.7,2.6,,1:34,-1.6,5.0,1.5,,0:00,,,
292,Brett Pesce\pescebr01,CAR,D,0:45,73,,17:50,-3.6,3.2,1.8,,0:08,-14.9,5.6,0.0,,2:29,-3.8,1.6,6.6
293,Brian Boyle\boylebr01,TOT,C,0:44,73,,9:15,-0.5,3.2,4.7,,2:37,3.3,6.4,2.1,,1:32,-7.6,1.2,6.2
294,Cal Clutterbuck\cluttca01,NYI,RW,0:37,73,,10:53,-0.4,2.3,1.9,,1:15,-4.8,2.6,0.7,,1:49,-2.6,0.4,10.8
295,Casey Cizikas\cizikca01,NYI,C,0:35,73,,12:00,-1.9,2.8,1.5,,0:04,-11.6,0.0,0.0,,1:56,-1.0,1.3,9.8
296,Gabriel Landeskog\landega01,COL,LW,0:49,73,,16:45,3.8,3.8,2.8,,4:05,-0.5,8.7,0.6,,0:17,-6.0,0.0,5.5
297,Jakob Silfverberg\silfvja01,ANA,LW,0:35,73,,13:16,-1.7,2.1,2.8,,2:06,5.9,7.3,0.4,,1:42,-1.2,1.5,8.7
298,Jason Pominville\pominja01,BUF,RW,0:43,73,,11:35,2.3,3.0,3.3,,0:52,-1.5,3.8,1.0,,0:00,-10.9,0.0,0.0
299,Joe Thornton\thornjo01,SJS,C,0:52,73,,13:38,3.6,3.3,2.5,,1:53,-1.4,9.5,1.7,,0:00,,0.0,0.0
300,Johan Larsson\larssjo02,BUF,LW/C,0:31,73,,11:51,-0.9,1.9,2.5,,0:04,-4.8,0.0,0.0,,2:20,-3.8,0.3,7.0
301,Kevin Shattenkirk\shattke01,NYR,D,0:46,73,,16:04,5.6,2.2,2.9,,2:25,3.6,4.1,0.7,,0:26,1.5,1.9,5.7
302,Matt Duchene\duchema01,TOT,C,0:58,73,,16:05,-3.4,3.0,3.0,,2:34,2.4,4.5,1.1,,0:10,79.2,0.0,0.0
303,Nazem Kadri\kadrina01,TOR,C,0:51,73,,13:35,2.7,2.7,2.7,,2:35,6.2,8.7,0.9,,0:00,,0.0,0.0
304,Neal Pionk\pionkne01,NYR,D,0:38,73,,16:47,-3.5,2.3,3.1,,1:29,-6.9,10.4,0.5,,2:52,-5.6,0.9,9.1
305,Nick Foligno\foligni01,CBJ,LW,0:52,73,,14:22,-3.2,3.3,2.5,,2:27,-0.3,5.7,0.7,,0:52,-0.7,0.0,4.7
306,Scott Harrington\harrisc01,CBJ,D,0:45,73,,12:07,-3.1,2.6,2.4,,0:00,14.0,0.0,0.0,,0:55,1.4,2.7,3.6
307,Tyler Bertuzzi\bertuty01,DET,LW,0:37,73,,14:46,2.8,3.4,2.7,,1:43,4.0,6.7,0.5,,0:00,20.0,0.0,0.0
308,Alex Galchenyuk\galchal01,ARI,C,0:40,72,,12:33,0.9,1.9,2.9,,3:10,11.8,7.1,1.1,,0:00,-17.4,0.0,0.0
309,Brandon Carlo\carlobr01,BOS,D,0:36,72,,18:05,-0.3,2.4,1.5,,0:03,17.2,13.1,0.0,,2:46,-3.2,0.9,7.8
310,Brayden Schenn\schenbr01,STL,C,0:43,72,,15:35,2.5,3.3,2.8,,2:23,-1.9,7.3,1.7,,0:36,-1.4,0.0,6.4
311,Bryan Rust\rustbr01,PIT,RW,0:35,72,,13:47,-0.2,3.1,2.8,,0:07,-8.0,0.0,0.0,,1:59,3.4,2.1,5.9
312,Derek Stepan\stepade01,ARI,C,0:31,72,,14:35,1.6,2.4,2.6,,2:42,-3.8,4.9,0.6,,1:55,6.2,1.7,5.4
313,Dustin Brown\browndu01,LAK,RW,0:57,72,,16:08,-1.9,2.8,3.3,,2:34,3.0,8.2,2.6,,1:42,-3.4,0.4,7.0
314,Eric Fehr\fehrer01,MIN,RW,0:42,72,,9:07,-3.3,1.8,2.6,,0:01,-37.0,0.0,0.0,,1:53,3.2,0.4,5.8
315,Frans Nielsen\nielsfr01,DET,C,0:39,72,,13:04,-3.2,2.8,3.1,,2:13,-0.6,4.9,1.1,,1:22,0.5,0.6,7.9
316,Kris Russell\russekr01,EDM,D,0:33,72,,18:15,-5.0,2.6,2.5,,0:13,9.6,0.0,0.0,,1:56,-5.3,1.3,11.5
317,Kyle Clifford\cliffky01,LAK,LW,0:45,72,,10:15,5.0,2.3,2.0,,0:12,5.9,3.9,0.0,,0:00,-13.3,0.0,9.8
318,Marc-Edouard Vlasic\vlasima01,SJS,D,0:56,72,,17:40,-7.7,3.0,3.3,,0:45,-0.7,7.6,1.1,,2:36,-10.1,0.3,7.7
319,Noel Acciari\acciano01,BOS,C,0:50,72,,11:22,-4.1,1.7,1.8,,0:02,-32.8,0.0,19.5,,1:33,-6.2,0.0,5.9
320,Nolan Patrick\patrino01,PHI,C,0:40,72,,13:23,-2.2,2.5,2.6,,1:39,-5.1,3.6,3.1,,0:02,-14.4,0.0,0.0
321,Tyler Bozak\bozakty01,STL,C,0:38,72,,12:41,-1.0,2.6,2.7,,2:23,3.6,6.6,0.3,,1:16,-5.4,0.0,9.5
322,Valtteri Filppula\filppva01,NYI,C,0:33,72,,11:47,-4.1,3.0,1.8,,0:37,1.5,3.8,0.0,,1:50,-0.1,0.9,4.1
323,Vinnie Hinostroza\hinosvi01,ARI,C,0:37,72,,13:47,3.6,2.4,2.5,,1:18,-1.4,4.4,1.9,,0:09,-17.7,0.0,10.0
324,Zemgus Girgensons\girgeze01,BUF,C,0:46,72,,11:07,-1.5,1.9,2.8,,0:04,-4.8,0.0,0.0,,2:23,-7.1,0.0,6.2
325,Alex Pietrangelo\pietral01,STL,D,0:52,71,,19:15,2.8,3.0,2.9,,2:45,-7.3,8.6,1.8,,2:03,3.5,1.6,8.3
326,Ben Lovejoy\lovejbe01,TOT,D,0:50,71,,13:39,-10.0,2.2,2.7,,0:02,11.9,0.0,0.0,,3:23,12.2,0.0,3.7
327,Brady Tkachuk\tkachbr01,OTT,LW,0:42,71,,13:44,6.0,3.1,3.5,,2:14,7.1,6.4,1.1,,0:02,1.8,0.0,0.0
328,Christian Fischer\fischch01,ARI,RW,0:28,71,,11:30,2.3,1.7,2.3,,1:38,-7.2,4.2,2.1,,0:00,32.5,0.0,0.0
329,Colin White\whiteco02,OTT,C,0:35,71,,13:51,3.4,2.6,3.8,,2:07,11.7,7.6,1.6,,0:12,-3.8,0.0,11.8
330,Dominik Simon\simondo01,PIT,C,0:41,71,,12:30,8.1,2.7,2.0,,0:49,-3.1,6.4,0.9,,0:00,-18.4,0.0,0.0
331,Elias Pettersson\petteel01,VAN,C,0:23,71,,14:34,4.3,3.1,3.0,,3:34,0.4,7.3,0.2,,0:03,45.8,12.7,12.7
332,Ian Cole\coleia01,COL,D,0:46,71,,16:22,0.9,2.7,3.1,,0:05,11.5,0.0,0.0,,3:17,0.0,1.0,8.3
333,Jordan Oesterle\oestejo01,ARI,D,0:39,71,,16:04,-2.3,2.5,2.7,,1:46,-3.0,4.8,0.5,,1:02,-2.4,1.6,3.9
334,Justin Abdelkader\abdelju01,DET,LW,0:41,71,,12:54,-2.8,1.8,2.8,,0:37,-1.4,6.8,0.0,,1:52,-2.4,0.5,6.4
335,Kevin Hayes\hayeske01,TOT,RW,0:41,71,,14:21,7.4,2.8,2.9,,2:07,4.6,7.1,0.5,,1:46,7.8,1.8,5.9
336,Matt Cullen\cullema01,PIT,C,0:32,71,,9:13,-8.2,2.6,2.4,,0:02,16.3,0.0,0.0,,2:14,0.9,1.5,8.0
337,Michal Kempny\kempnmi01,WSH,D,0:45,71,,17:31,2.1,3.7,2.7,,0:00,14.6,0.0,0.0,,1:38,0.7,0.5,6.6
338,Micheal Ferland\ferlami01,CAR,LW,0:51,71,,12:07,-1.2,3.2,2.1,,1:56,-1.9,8.7,1.3,,0:01,22.8,0.0,0.0
339,Mikkel Boedker\boedkmi01,OTT,RW,0:38,71,,12:07,-4.4,2.9,4.5,,1:53,-9.6,7.2,0.9,,0:01,66.0,0.0,0.0
340,Nick Seeler\seeleni01,MIN,D,0:40,71,,11:31,-4.0,2.1,2.4,,0:01,-36.2,0.0,0.0,,0:46,6.0,0.0,3.3
341,Sam Bennett\bennesa01,CGY,C,0:34,71,,11:33,-0.2,2.6,2.9,,1:32,-1.7,5.5,1.1,,0:11,4.2,0.0,8.8
342,Sean Kuraly\kuralse01,BOS,C,0:56,71,,12:24,-4.4,1.8,1.4,,0:03,-83.0,0.0,14.2,,1:18,-3.0,0.0,7.8
343,Victor Mete\metevi01,MTL,D,0:50,71,,16:34,-3.3,2.8,2.0,,0:18,-13.7,2.7,0.0,,0:53,-0.5,0.9,4.7
344,Zach Hyman\hymanza01,TOR,C,0:41,71,,14:45,1.6,4.0,3.1,,0:15,-3.8,5.0,0.0,,2:16,-5.6,0.4,7.8
345,Alexander Radulov\radulal01,DAL,RW,0:42,70,,16:39,3.8,3.7,2.4,,3:05,0.3,9.0,0.5,,0:01,38.8,0.0,41.4
346,David Backes\backeda01,BOS,C,0:51,70,,11:12,1.4,1.8,1.5,,1:39,-3.5,8.9,2.1,,0:10,8.4,0.0,14.6
347,Derick Brassard\brassde01,TOT,C,0:43,70,,13:19,-3.7,2.1,3.7,,1:35,-3.0,6.9,0.0,,0:05,,0.0,0.0
348,Frederik Gauthier\gauthfr01,TOR,C,0:42,70,,8:08,-6.8,2.5,2.2,,0:01,-12.6,0.0,0.0,,0:11,-0.7,0.0,9.2
349,Jake Virtanen\virtaja01,VAN,RW,0:50,70,,13:33,-0.2,2.2,2.4,,1:14,5.1,4.2,0.0,,0:01,53.4,0.0,0.0
350,Joakim Nordstrom\nordsjo02,BOS,C,0:51,70,,11:43,-4.2,1.9,1.9,,0:06,-16.2,0.0,0.0,,1:38,1.0,0.0,6.8
351,Kyle Brodziak\brodzky01,EDM,C,0:41,70,,9:54,-2.9,1.4,2.8,,0:06,1.0,0.0,0.0,,1:40,-3.2,1.0,8.7
352,Mark Pysyk\pysykma01,FLA,D,0:39,70,,16:28,-2.6,2.7,2.8,,0:03,-4.8,15.6,0.0,,1:44,-10.8,0.5,7.8
353,Mathieu Joseph\josepma01,TBL,RW,0:35,70,,10:27,0.0,3.0,2.8,,0:12,-29.3,4.4,0.0,,0:41,7.6,2.5,1.2
354,Matt Benning\bennima01,EDM,D,0:48,70,,13:08,0.5,3.0,2.5,,0:33,-4.1,3.0,1.5,,1:14,6.7,2.8,8.3
355,Nikita Zadorov\zadorni01,COL,D,0:56,70,,15:27,0.1,2.7,1.8,,0:04,12.1,0.0,0.0,,1:40,1.4,1.5,9.1
356,Robert Thomas\thomaro01,STL,C,0:38,70,,11:39,-0.1,2.6,2.6,,1:16,0.7,8.1,1.3,,0:08,-3.6,0.0,13.0
357,Thomas Chabot\chaboth01,OTT,D,0:36,70,,20:45,6.1,3.6,4.1,,2:56,5.2,7.6,0.9,,0:35,3.8,4.3,4.3
358,Tyson Jost\jostty01,COL,C,0:39,70,,10:56,-1.6,2.4,2.4,,2:03,-2.7,4.9,0.4,,0:00,,0.0,0.0
359,Victor Hedman\hedmavi01,TBL,D,0:47,70,,17:20,1.0,3.7,2.8,,3:18,0.8,11.6,0.3,,2:08,4.5,2.4,5.3
360,Zack Smith\smithza01,OTT,C,0:37,70,,14:25,-0.8,2.1,2.7,,0:06,-22.3,0.0,0.0,,1:49,0.1,1.4,6.6
361,Andrew Copp\coppan01,WPG,C,0:45,69,,10:44,3.0,3.1,1.5,,0:03,12.7,0.0,0.0,,1:21,-0.3,0.6,8.3
362,Ben Hutton\huttobe01,VAN,D,0:46,69,,18:12,-2.7,2.0,3.0,,1:51,2.4,5.2,1.4,,2:17,5.4,0.7,6.2
363,Brock Boeser\boesebr01,VAN,RW,0:44,69,,15:35,5.4,3.3,3.3,,3:32,6.0,6.6,0.7,,0:01,35.3,8.2,0.0
364,Jaden Schwartz\schwaja01,STL,C,0:44,69,,15:17,4.0,2.5,2.6,,2:15,-1.9,5.4,1.2,,0:34,3.4,0.0,4.1
365,Nico Hischier\hischni01,NJD,C,0:51,69,,14:32,4.9,3.3,3.1,,2:54,1.7,7.1,1.5,,0:39,-5.1,1.1,1.1
366,Patric Hornqvist\hornqpa01,PIT,RW,0:48,69,,12:45,2.2,2.8,2.5,,2:42,5.9,11.0,2.4,,0:00,,0.0,0.0
367,Rickard Rakell\rakelri01,ANA,RW,0:42,69,,15:34,2.3,2.5,3.1,,2:26,6.6,7.6,1.0,,0:26,4.1,0.0,4.1
368,T.J. Oshie\oshietj01,WSH,C/RW,0:39,69,,14:40,2.1,3.4,3.0,,3:21,6.0,9.3,0.8,,0:35,10.3,1.5,10.2
369,Travis Hamonic\hamontr01,CGY,D,0:33,69,,17:48,-1.4,3.5,2.9,,0:12,-19.6,4.0,4.0,,2:51,-8.0,3.1,6.4
370,Vladimir Sobotka\sobotvl01,BUF,C,0:53,69,,12:08,-6.9,1.6,3.2,,0:09,11.4,0.0,0.0,,1:53,0.7,0.9,6.0
371,Auston Matthews\matthau01,TOR,C,0:36,68,,15:57,1.4,3.6,3.9,,2:34,4.5,9.3,1.4,,0:01,,0.0,0.0
372,Brendan Perlini\perlibr01,TOT,LW,0:39,68,,10:45,3.4,1.7,2.4,,0:44,-2.0,6.4,2.5,,0:06,,,
373,Evgeni Malkin\malkiev01,PIT,C,0:57,68,,15:21,0.7,3.0,3.7,,3:23,6.2,9.9,3.0,,0:03,-2.1,0.0,23.2
374,Jake Debrusk\debruja01,BOS,LW,0:47,68,,13:16,4.3,2.9,2.3,,2:39,-0.9,10.3,2.0,,0:13,11.7,0.0,7.5
375,Josh Archibald\archijo01,ARI,RW,0:43,68,,11:54,-6.3,2.5,2.5,,0:03,-25.5,0.0,0.0,,1:36,-6.3,0.5,5.3
376,Ryan Carpenter\carpery01,VEG,C,0:45,68,,11:10,3.9,2.3,3.0,,0:12,2.3,0.0,0.0,,1:15,-1.0,2.1,8.5
377,Tomas Nosek\nosekto01,VEG,C,0:47,68,,10:21,1.3,2.1,3.2,,0:23,-2.1,2.0,0.0,,1:42,-10.3,1.0,5.2
378,Anthony Mantha\manthan01,DET,RW,0:41,67,,15:27,10.4,2.8,3.1,,2:21,-0.4,7.6,0.8,,0:00,35.5,0.0,0.0
379,Dion Phaneuf\phanedi01,LAK,D,0:29,67,,13:36,1.1,2.1,3.3,,0:38,-7.1,1.4,1.4,,0:44,5.7,0.0,9.1
380,Jason Dickinson\dickija01,DAL,C,0:32,67,,11:48,-1.5,2.4,1.7,,0:06,0.3,0.0,0.0,,1:28,-2.2,0.0,5.5
381,Matt Martin\martima02,NYI,LW,0:34,67,,11:10,-2.3,1.9,1.5,,0:02,-19.7,0.0,0.0,,0:13,7.1,0.0,8.7
382,Michael Raffl\rafflmi01,PHI,LW,0:45,67,,10:24,-2.7,2.5,2.8,,0:04,14.3,0.0,0.0,,0:55,3.7,1.8,4.5
383,Ryan Getzlaf\getzlry01,ANA,C,0:42,67,,16:08,5.0,2.8,3.6,,2:41,-0.6,4.3,1.7,,0:37,-2.7,0.0,5.8
384,Tobias Rieder\riedeto01,EDM,C,0:42,67,,10:57,-3.0,0.9,1.6,,0:21,-10.5,4.9,0.0,,1:19,-1.1,0.0,8.1
385,Brad Richardson\richabr02,ARI,C,0:29,66,,13:10,-0.2,2.3,2.5,,0:15,1.2,0.0,3.6,,2:32,-3.3,3.5,3.1
386,Brett Howden\howdebr01,NYR,C,0:44,66,,12:18,-3.9,2.5,3.6,,1:22,1.1,4.0,0.0,,1:15,-1.8,0.0,5.8
387,David Pastrnak\pastrda01,BOS,RW,0:43,66,,15:20,4.1,3.7,2.9,,3:22,6.9,12.2,2.2,,0:02,4.8,0.0,31.6
388,J.T. Compher\comphj.01,COL,LW,0:48,66,,12:28,-4.1,2.6,3.3,,3:06,3.9,8.5,0.6,,1:53,-1.7,1.4,7.2
389,James van Riemsdyk\vanrija01,PHI,LW,0:36,66,,13:49,-0.3,3.3,3.6,,2:46,-4.1,7.3,2.0,,0:00,-14.7,0.0,0.0
390,Jesper Fast\fastje01,NYR,RW,0:36,66,,13:52,1.2,2.4,2.6,,0:07,-17.0,0.0,0.0,,1:43,0.7,0.5,6.3
391,Matt Grzelcyk\grzelma01,BOS,D,0:48,66,,16:50,-1.9,2.3,1.7,,1:33,-1.6,8.7,1.2,,0:43,7.9,1.3,3.8
392,Max Pacioretty\pacioma01,VEG,LW,0:45,66,,14:13,-1.9,2.6,3.3,,2:31,1.3,5.9,0.7,,0:14,-8.8,0.0,7.4
393,Adam Erne\ernead01,TBL,LW,0:49,65,,9:44,-3.0,2.7,1.9,,0:30,-4.5,7.5,0.0,,0:17,12.9,3.2,3.2
394,Alex Steen\steenal01,STL,C,0:37,65,,12:36,0.6,2.4,2.3,,1:16,0.6,8.0,1.5,,1:57,-4.1,0.9,5.4
395,Antoine Roussel\roussan01,VAN,LW,0:27,65,,12:49,0.8,2.7,2.5,,0:03,-27.4,16.2,0.0,,0:52,2.0,0.0,11.0
396,Colin Miller\milleco02,VEG,D,0:41,65,,16:40,3.0,2.4,2.7,,2:22,-1.3,6.6,0.0,,0:35,16.2,6.2,1.6
397,Colin Wilson\wilsoco01,COL,C,0:42,65,,11:28,-2.1,2.3,2.7,,2:04,3.0,7.6,0.4,,0:00,-13.0,0.0,0.0
398,Kris Letang\letankr01,PIT,D,0:45,65,,20:33,6.8,3.7,2.8,,3:13,-4.8,8.6,3.0,,2:11,1.6,2.2,5.6
399,Michael Frolik\frolimi01,CGY,LW,0:44,65,,12:42,2.6,3.6,2.0,,0:05,-6.2,0.0,9.2,,0:34,-0.7,3.3,11.4
400,Par Lindholm\lindhpa01,TOT,C,0:56,65,,9:41,-5.7,2.4,1.9,,0:04,-39.5,0.0,0.0,,1:35,-0.9,0.0,7.8
401,Patrice Bergeron\bergepa01,BOS,C,0:35,65,,13:30,6.1,4.3,2.8,,3:15,13.4,12.4,1.7,,1:41,4.9,3.8,7.6
402,Tage Thompson\thompta01,BUF,C,0:51,65,,11:14,-2.2,1.3,3.0,,0:51,-7.6,2.2,2.2,,0:01,7.7,0.0,0.0
403,Zach Bogosian\bogosza01,BUF,D,0:45,65,,18:37,-1.3,2.6,3.0,,0:15,-6.7,3.9,0.0,,2:45,-5.9,0.7,6.7
404,Brian Gibbons\gibbobr02,TOT,C,0:34,64,,10:06,-3.4,1.9,3.1,,0:02,-16.1,0.0,0.0,,0:46,0.7,0.0,16.4
405,Chandler Stephenson\stephch02,WSH,C,0:40,64,,10:20,-3.7,1.3,2.6,,0:00,-36.3,0.0,0.0,,1:45,-0.2,0.5,5.8
406,Filip Forsberg\forsbfi01,NSH,C,0:40,64,,14:32,5.7,3.7,3.1,,3:01,0.6,4.3,1.2,,1:02,12.2,1.8,3.6
407,Ilya Kovalchuk\kovalil01,LAK,LW,0:40,64,,13:26,-2.2,2.1,3.5,,2:47,-0.2,6.1,2.4,,0:00,,,
408,Joel Edmundson\edmunjo01,STL,D,0:33,64,,17:10,-1.5,2.7,2.4,,0:07,-1.7,0.0,0.0,,2:04,0.7,0.9,7.9
409,John Klingberg\klingjo01,DAL,D,0:46,64,,20:47,5.9,2.6,2.2,,2:58,0.3,8.4,0.6,,0:45,-0.3,0.0,11.1
410,MacKenzie Weegar\weegama01,FLA,D,0:34,64,,15:13,3.0,2.3,2.5,,0:17,3.6,6.8,0.0,,1:26,-6.3,0.6,4.5
411,Matthew Nieto\nietoma01,COL,LW,0:39,64,,11:04,1.7,2.6,2.9,,0:03,12.4,8.6,0.0,,2:37,1.5,2.2,6.1
412,Nic Dowd\dowdni01,WSH,C,0:46,64,,8:37,-0.9,2.8,2.0,,0:00,-34.4,0.0,0.0,,1:39,-0.1,0.6,6.2
413,Nick Bjugstad\bjugsni01,TOT,C,0:34,64,,13:34,1.0,2.4,1.9,,1:29,-3.3,8.4,1.1,,0:02,,,
414,Ondrej Palat\palaton01,TBL,LW,0:42,64,,12:44,0.6,2.9,2.6,,1:59,5.7,10.7,0.0,,0:09,-12.5,0.0,0.0
415,Pavel Buchnevich\buchnpa01,NYR,LW,0:39,64,,13:13,2.2,2.6,3.2,,1:57,-4.7,8.6,1.4,,0:00,,0.0,0.0
416,Sven Andrighetto\andrisv01,COL,RW,0:42,64,,9:42,-0.5,2.6,1.6,,1:14,-0.3,1.4,1.4,,0:07,14.2,0.0,16.9
417,Thomas Vanek\vanekth01,DET,LW,0:43,64,,11:31,-2.1,2.8,3.6,,2:34,2.0,7.6,1.1,,0:00,11.3,0.0,61.0
418,Torey Krug\krugto01,BOS,D,0:38,64,,17:22,3.5,2.8,2.3,,3:42,3.3,10.9,2.8,,0:12,3.6,0.0,16.9
419,Travis Dermott\dermotr01,TOR,D,0:44,64,,16:07,5.2,2.6,2.9,,0:07,-8.4,4.4,0.0,,1:03,-8.6,0.0,2.7
420,Andrew Shaw\shawan01,MTL,C,0:42,63,,13:08,-1.8,4.1,2.9,,2:02,-1.7,3.3,0.0,,0:44,-6.4,0.0,7.7
421,Brendan Lemieux\lemiebr01,TOT,LW,0:43,63,,8:41,-2.2,2.1,2.9,,0:18,-12.2,3.5,3.5,,0:03,,,
422,Brendan Smith\smithbr05,NYR,D,0:47,63,,13:39,1.8,1.6,2.2,,0:02,-5.4,0.0,0.0,,1:36,3.4,0.6,7.1
423,Daniel Sprong\spronda01,TOT,RW,0:32,63,,10:41,0.1,2.2,3.1,,1:15,-5.9,4.8,0.0,,0:00,,,
424,David Kampf\kampfda01,CHI,C,0:33,63,,11:57,-0.8,2.2,2.6,,0:06,12.0,0.0,0.0,,1:51,-3.6,0.0,8.2
425,James Neal\nealja01,CGY,LW,0:43,63,,12:44,-2.5,2.2,2.3,,2:12,2.0,4.3,1.3,,0:00,34.4,0.0,0.0
426,Jordan Weal\wealjo01,TOT,C,0:44,63,,12:23,2.3,1.8,2.7,,1:03,14.1,15.2,0.0,,0:00,,0.0,0.0
427,Kenny Agostino\agostke01,TOT,LW,0:30,63,,11:38,3.5,2.1,2.3,,1:13,-2.8,6.9,0.0,,0:03,-11.5,0.0,0.0
428,Marco Scandella\scandma01,BUF,D,0:41,63,,15:30,-5.6,2.2,3.1,,0:06,11.8,0.0,0.0,,2:00,5.5,0.5,6.2
429,Miles Wood\woodmi01,NJD,LW,0:41,63,,12:28,1.9,2.3,3.1,,1:12,-10.9,6.7,0.0,,0:00,-17.9,0.0,0.0
430,Nikolay Goldobin\goldoni01,VAN,LW,0:28,63,,12:23,2.9,2.5,2.8,,2:33,-9.9,5.5,2.2,,0:02,35.2,9.0,0.0
431,P.K. Subban\subbapk01,NSH,D,0:49,63,,18:30,3.9,2.8,2.7,,2:35,0.1,5.9,0.4,,1:33,-0.2,1.8,7.9
432,Tom Wilson\wilsoto01,WSH,RW,0:49,63,,14:30,-0.4,3.7,3.2,,1:23,1.6,5.5,0.0,,2:14,-3.6,0.8,6.8
433,Austin Wagner\wagneau01,LAK,LW,0:53,62,,8:52,-0.1,2.5,2.3,,0:03,16.3,0.0,0.0,,0:00,,,
434,Brendan Leipsic\leipsbr01,TOT,LW,0:45,62,,11:59,-2.8,2.2,2.3,,1:47,-2.8,7.6,2.5,,0:00,,,
435,Carter Rowney\rowneca01,ANA,RW,0:34,62,,10:34,1.5,1.9,2.0,,0:04,-16.1,0.0,0.0,,1:54,-2.5,0.5,4.1
436,Dan Girardi\girarda01,TBL,D,0:49,62,,15:30,-1.6,3.2,3.1,,0:01,-84.4,0.0,0.0,,2:15,2.1,1.7,4.8
437,Derrick Pouliot\poulide01,VAN,D,0:42,62,,15:53,2.9,2.8,2.8,,1:09,-1.6,2.5,1.7,,0:06,-14.7,0.0,0.0
438,Jake Gardiner\gardija01,TOR,D,1:04,62,,19:13,1.9,3.4,2.3,,1:51,-6.8,4.9,2.0,,0:07,12.8,0.0,0.0
439,Michael Rasmussen\rasmumi01,DET,C,0:38,62,,10:16,-0.9,2.1,2.6,,1:47,-1.6,5.9,1.1,,0:00,-13.4,0.0,0.0
440,Nikolaj Ehlers\ehlerni01,WPG,LW,0:47,62,,14:26,3.0,2.7,2.5,,1:18,-3.3,6.7,0.7,,0:00,,0.0,0.0
441,Yannick Weber\weberya01,NSH,D,0:43,62,,11:29,-0.5,2.4,1.9,,0:04,-35.6,0.0,12.9,,0:20,12.6,2.7,8.2
442,Zdeno Chara\charazd01,BOS,D,0:37,62,,17:56,1.3,3.2,2.2,,0:04,17.8,36.4,0.0,,3:02,-1.3,1.0,9.6
443,Anthony DeAngelo\deangan01,NYR,D,0:36,61,,17:14,1.7,3.3,3.0,,1:55,2.0,6.7,0.0,,0:10,-5.4,0.0,5.8
444,Brandon Dubinsky\dubinbr01,CBJ,C,0:32,61,,10:58,-5.9,1.7,3.2,,0:04,-44.9,0.0,0.0,,1:17,-10.8,0.8,3.8
445,Christian Jaros\jarosch01,OTT,D,0:32,61,,13:28,-2.9,1.9,3.0,,0:17,2.9,13.2,0.0,,0:35,-7.2,1.7,13.3
446,Darren Helm\helmda01,DET,C/LW,0:44,61,,12:38,-1.1,2.0,3.0,,0:03,15.9,0.0,0.0,,1:52,4.9,1.0,13.1
447,John Moore\moorejo01,BOS,D,0:43,61,,16:12,-5.0,2.1,2.3,,0:24,-4.8,7.2,2.4,,2:09,-9.3,1.8,5.5
448,Nate Schmidt\schmina01,VEG,D,0:35,61,,18:37,-5.4,3.7,2.7,,1:49,-1.8,7.6,1.0,,1:29,8.7,2.6,7.3
449,Nick Holden\holdeni01,VEG,D,0:49,61,,16:27,1.8,2.7,2.6,,0:05,-16.6,0.0,0.0,,1:44,12.7,2.3,3.4
450,Oscar Fantenberg\fanteos01,TOT,D,0:46,61,,14:34,-2.0,2.7,1.4,,0:14,-6.1,0.0,0.0,,1:10,3.1,0.0,5.3
451,Oscar Klefbom\klefbos01,EDM,D,0:44,61,,19:31,2.3,2.1,2.7,,2:39,7.2,7.8,1.1,,1:47,-0.8,1.6,9.3
452,Pavel Zacha\zachapa01,NJD,C,0:39,61,,12:12,-0.8,2.5,3.2,,1:41,-5.2,7.1,0.5,,2:10,-0.2,1.3,4.4
453,Alec Martinez\martial01,LAK,D,0:31,60,,18:15,-1.0,2.8,2.9,,1:12,6.9,1.7,0.8,,1:53,-1.0,0.0,5.6
454,Christoffer Ehn\ehnch01,DET,C,0:32,60,,9:49,-7.3,1.3,1.9,,0:00,-84.3,0.0,55.4,,0:46,1.9,1.3,7.8
455,Jacob de La Rose\delarja01,DET,LW,0:42,60,,9:55,-4.9,1.9,3.2,,0:04,2.1,0.0,0.0,,1:26,-4.8,0.0,5.5
456,Jujhar Khaira\khairju01,EDM,LW,0:39,60,,11:01,-1.9,2.0,3.1,,0:23,-10.4,2.5,7.6,,1:09,1.8,2.6,8.7
457,Nick Ritchie\ritchni01,ANA,LW,0:47,60,,12:39,0.7,2.8,2.2,,1:48,-1.9,7.7,1.1,,0:32,7.9,1.9,3.8
458,Olli Maatta\maattol01,PIT,D,0:39,60,,15:45,-4.3,2.9,2.4,,0:48,3.5,5.7,1.9,,2:01,4.5,1.5,5.4
459,Ryan Kesler\keslery01,ANA,C,0:28,60,,12:30,-5.1,1.2,2.2,,1:43,-3.2,4.0,3.4,,2:15,-5.5,0.0,10.7
460,Zach Sanford\sanfoza01,STL,LW,0:42,60,,11:51,-0.4,2.5,1.8,,0:10,-10.1,5.9,5.9,,0:32,-3.0,0.0,3.7
461,Cam Fowler\fowleca01,ANA,D,0:40,59,,19:21,-2.6,2.1,2.6,,2:30,6.9,7.1,2.0,,1:30,-1.2,0.0,5.4
462,Colton Sceviour\scevico01,FLA,C/RW,0:39,59,,10:13,-2.8,2.4,2.6,,0:02,-45.6,17.3,0.0,,2:01,4.5,0.0,6.0
463,Jake McCabe\mccabja01,BUF,D,0:35,59,,16:41,-2.5,2.3,2.7,,0:06,-28.6,0.0,0.0,,2:08,-3.2,0.9,7.6
464,Josh Morrissey\morrijo04,WPG,D,0:46,59,,17:50,0.8,3.3,2.9,,1:45,-1.4,8.7,0.6,,2:48,-2.2,1.4,8.0
465,Pontus Aberg\abergpo01,TOT,LW,0:38,59,,12:30,7.4,2.9,3.7,,2:04,-0.9,5.5,2.3,,0:00,-10.2,0.0,0.0
466,Robert Bortuzzo\borturo01,STL,D,0:43,59,,13:05,2.1,3.1,2.4,,0:02,12.0,0.0,0.0,,2:20,-1.4,0.4,3.8
467,Carl Hagelin\hagelca01,TOT,LW,0:37,58,,12:43,6.4,2.2,2.7,,0:02,18.6,0.0,0.0,,1:57,5.3,0.0,6.7
468,Erik Cernak\cernaer01,TBL,D,0:38,58,,16:47,-1.3,3.6,2.3,,0:05,-13.8,24.4,0.0,,2:22,-0.1,2.2,1.7
469,Joel Eriksson Ek\eriksjo02,MIN,C,0:26,58,,11:58,0.7,2.2,2.8,,0:09,-9.5,3.5,0.0,,1:22,-3.3,0.0,7.6
470,Marcus Johansson\johanma03,TOT,C/W,0:49,58,,13:24,-4.4,2.0,2.5,,2:29,-14.6,4.0,0.0,,0:01,,,
471,Roope Hintz\hintzro01,DAL,LW,0:35,58,,12:01,-0.6,1.8,2.7,,1:45,-2.7,5.6,0.6,,0:16,5.8,0.0,7.7
472,Shea Weber\webersh01,MTL,D,0:53,58,,18:07,-1.8,3.1,2.2,,2:32,-5.7,5.3,0.8,,2:48,0.6,0.7,5.9
473,Viktor Arvidsson\arvidvi01,NSH,LW,0:41,58,,14:57,4.7,4.0,3.3,,2:54,5.6,5.3,0.7,,1:16,6.9,2.4,4.0
474,Brett Kulak\kulakbr01,MTL,D,0:44,57,,17:21,2.2,3.2,2.5,,0:02,-18.7,0.0,0.0,,0:26,-6.3,2.4,11.8
475,Dan Hamhuis\hamhuda01,NSH,D,0:37,57,,14:20,-3.9,1.9,2.1,,0:01,-85.9,0.0,0.0,,1:40,-8.7,0.6,4.4
476,David Perron\perroda01,STL,LW,0:41,57,,14:43,0.6,2.8,2.4,,2:20,-3.8,8.6,1.4,,0:01,-12.8,0.0,0.0
477,Dmitry Kulikov\kulikdm01,WPG,D,1:02,57,,14:35,-1.7,2.5,2.3,,0:05,15.5,0.0,0.0,,1:00,3.8,1.0,5.2
478,Drew Stafford\staffdr01,NJD,RW,0:28,57,,11:20,-1.7,1.9,2.4,,0:53,-8.6,5.5,1.1,,0:02,-17.9,0.0,0.0
479,Jamie Oleksiak\oleksja01,TOT,D,0:31,57,,14:16,3.8,1.4,1.4,,0:04,,0.0,0.0,,0:22,23.2,0.0,0.0
480,Jay Beagle\beaglja01,VAN,RW/C,0:42,57,,10:56,-9.3,1.9,2.9,,0:02,13.8,0.0,0.0,,2:40,-0.4,0.8,6.7
481,Joel Armia\armiajo01,MTL,RW,0:42,57,,12:29,-1.3,2.4,2.4,,1:44,-3.5,6.0,0.6,,1:33,7.8,0.7,5.4
482,Jonathon Merrill\merrijo01,VEG,D,0:49,57,,16:28,4.1,2.7,2.1,,0:10,-17.1,0.0,0.0,,1:13,15.8,5.2,5.2
483,Mike Reilly\reillmi01,MTL,D,0:44,57,,16:45,1.3,2.8,2.7,,1:24,4.3,2.2,0.7,,0:30,5.1,0.0,6.2
484,Valeri Nichushkin\nichuva01,DAL,RW,0:38,57,,11:16,0.9,1.9,2.3,,0:20,-9.0,6.2,0.0,,0:18,16.8,3.6,3.6
485,Adam Gaudette\gaudead01,VAN,C,0:40,56,,9:34,-2.4,1.9,2.7,,1:22,-5.2,5.5,0.8,,0:00,,0.0,0.0
486,Alexander Edler\edleral01,VAN,D,0:45,56,,18:47,0.7,2.8,2.6,,3:07,1.0,8.1,0.7,,2:39,-6.1,0.4,5.4
487,Chris Kunitz\kunitch01,CHI,LW,0:36,56,,8:47,0.4,1.8,2.7,,0:12,-7.5,0.0,0.0,,0:03,-11.3,0.0,19.0
488,Derek Grant\grantde01,TOT,C,0:39,56,,9:57,0.9,2.0,3.8,,0:05,-84.0,0.0,0.0,,1:38,-0.6,1.9,5.6
489,J.T. Brown\brownjt01,MIN,RW,0:46,56,,8:55,-3.7,2.1,2.1,,0:00,14.7,0.0,0.0,,0:13,13.3,0.0,9.4
490,Maxime Lajoie\lajoima01,OTT,D,0:36,56,,15:24,-5.1,1.7,3.3,,1:38,-4.3,6.5,2.0,,1:51,1.5,0.0,8.1
491,Paul Byron\byronpa01,MTL,C/LW,0:42,56,,12:06,-2.6,3.5,2.3,,1:04,0.7,5.9,0.0,,1:23,-3.8,2.3,7.6
492,Ryan Donato\donatry01,TOT,C,0:57,56,,11:37,1.3,1.7,2.9,,2:04,1.6,11.4,3.3,,0:00,-16.2,0.0,0.0
493,Ryan Murray\murrary01,CBJ,D,0:43,56,,18:18,-0.2,3.7,2.8,,0:36,-5.8,1.8,0.0,,2:31,-2.8,1.7,5.5
494,Chris Tanev\tanevch01,VAN,D,0:48,55,,16:46,-5.0,2.5,2.4,,0:07,-19.5,0.0,0.0,,3:16,-4.1,0.6,8.1
495,Drake Caggiula\caggidr01,TOT,LW,0:35,55,,13:18,1.8,3.2,2.5,,0:25,-20.0,0.0,32.4,,0:41,-3.2,0.0,12.5
496,Frederick Gaudreau\gaudrfr01,NSH,C,0:44,55,,8:59,2.5,1.6,1.5,,0:01,,0.0,0.0,,0:00,,,
497,Gabriel Bourque\bourqga01,COL,LW,0:40,55,,7:13,-9.3,2.3,2.1,,0:01,12.0,0.0,0.0,,2:30,-0.9,0.9,7.9
498,Kyle Turris\turriky01,NSH,C,0:40,55,,13:25,-1.3,2.2,2.4,,2:14,-2.7,3.9,1.5,,0:01,-16.5,0.0,0.0
499,Oscar Lindberg\lindbos02,TOT,C,0:39,55,,11:54,0.4,2.8,2.6,,0:25,20.4,128.6,0.0,,0:09,8.0,0.0,11.2
500,Vincent Trocheck\trochvi01,FLA,C,0:39,55,,15:34,4.4,2.7,3.0,,2:27,1.4,9.0,2.2,,1:38,2.5,0.7,9.3
501,Austin Czarnik\czarnau01,CGY,C,0:48,54,,9:55,-0.3,2.6,2.5,,1:18,-7.6,2.6,1.7,,0:05,-17.2,0.0,13.2
502,Charlie McAvoy\mcavoch01,BOS,D,0:42,54,,19:17,1.0,3.7,2.8,,1:34,-8.0,4.2,2.8,,1:17,7.0,1.7,2.6
503,Devante Smith-Pelly\smithde06,WSH,RW,0:47,54,,9:09,-3.8,1.7,2.6,,0:02,-2.2,0.0,0.0,,1:39,0.2,0.0,7.3
504,John Hayden\haydejo01,CHI,C,0:38,54,,8:33,-3.3,1.6,3.1,,0:23,-0.2,5.6,0.0,,0:12,-6.8,0.0,19.3
505,Taylor Fedun\fedunta01,DAL,D,0:42,54,,12:39,3.4,1.9,1.7,,0:13,-4.4,10.9,3.6,,0:57,0.7,1.2,3.5
506,William Carrier\carriwi01,VEG,LW,0:41,54,,9:52,2.3,1.6,2.0,,0:03,11.7,0.0,0.0,,0:00,,0.0,0.0
507,William Nylander\nylanwi01,TOR,C,0:43,54,,13:36,5.2,2.7,2.7,,1:51,-7.6,6.0,2.4,,0:02,-16.3,0.0,37.5
508,Brett Ritchie\ritchbr01,DAL,RW,0:33,53,,8:55,-4.6,1.3,2.2,,0:39,-8.8,3.1,0.0,,0:01,-12.4,0.0,0.0
509,Brooks Orpik\orpikbr01,WSH,D,0:39,53,,13:02,-3.9,3.5,3.0,,0:00,-34.9,0.0,0.0,,2:36,-5.3,0.9,8.6
510,Colby Cave\caveco01,TOT,C,0:39,53,,10:53,-5.4,2.3,2.6,,0:27,-1.2,0.0,0.0,,0:57,-7.9,0.0,4.9
511,Erik Karlsson\karlser01,SJS,D,1:08,53,,19:32,7.6,3.9,3.2,,3:06,-0.9,10.2,1.8,,1:50,3.7,0.6,6.2
512,Igor Ozhiganov\ozhigig01,TOR,D,0:46,53,,13:55,3.0,2.5,2.5,,0:01,11.1,0.0,0.0,,0:04,-13.5,0.0,0.0
513,Jakob Chychrun\chychja01,ARI,D,0:46,53,,17:39,2.8,1.8,2.3,,2:32,6.4,8.1,2.2,,0:03,-16.3,0.0,0.0
514,Mark Borowiecki\borowma01,OTT,D,0:40,53,,14:04,-4.1,2.2,3.1,,0:01,,0.0,0.0,,1:28,-0.7,0.0,10.8
515,Mirco Mueller\muellmi01,NJD,D,0:46,53,,16:23,0.7,2.1,2.5,,0:06,-3.4,0.0,0.0,,1:33,8.0,1.9,3.7
516,Rocco Grimaldi\grimaro01,NSH,C,0:45,53,,9:57,6.8,1.6,1.8,,0:01,14.4,0.0,0.0,,0:01,-15.7,0.0,0.0
517,Travis Boyd\boydtr01,WSH,C,0:32,53,,8:59,-1.3,3.3,2.5,,0:15,-5.9,8.6,0.0,,0:34,-8.4,0.0,15.8
518,Connor Murphy\murphco02,CHI,D,0:43,52,,17:22,-0.4,3.1,2.5,,0:01,10.6,0.0,0.0,,2:05,2.1,1.1,11.0
519,Danny DeKeyser\dekeyda01,DET,D,1:01,52,,19:13,0.8,3.0,2.9,,0:13,-43.4,0.0,4.6,,2:30,-1.2,0.0,10.6
520,Dennis Cholowski\cholode01,DET,D,0:42,52,,15:35,1.3,2.1,3.4,,2:27,0.0,7.6,1.4,,0:12,8.0,0.0,5.3
521,Jonathan Ericsson\ericsjo01,DET,D,0:42,52,,14:52,-4.9,1.8,2.8,,0:00,,0.0,0.0,,2:19,-0.7,1.5,7.0
522,Mario Kempe\kempema01,ARI,C,0:33,52,,10:25,-2.1,2.0,1.6,,0:02,-36.1,0.0,0.0,,0:43,0.7,0.0,4.4
523,Ryan Callahan\callary01,TBL,RW,0:40,52,,10:00,-4.7,2.9,2.2,,0:06,-15.3,10.2,0.0,,1:01,1.0,1.1,7.9
524,Ryan Spooner\spoonry01,TOT,C,0:33,52,,10:18,5.1,0.8,2.1,,1:06,-22.7,0.0,3.7,,0:00,,0.0,0.0
525,Ben Harpur\harpube01,OTT,D,0:41,51,,15:08,-5.4,2.1,3.1,,0:01,23.4,0.0,0.0,,2:27,-0.3,0.0,6.2
526,Brett Seney\seneybr01,NJD,LW,0:41,51,,10:06,-6.6,1.9,3.5,,0:10,-12.5,7.0,0.0,,0:02,6.3,0.0,0.0
527,Dale Weise\weiseda01,TOT,RW,0:28,51,,10:22,-7.3,0.7,2.0,,0:06,,0.0,0.0,,1:17,-13.8,0.0,0.0
528,Jesper Bratt\brattje01,NJD,W,1:00,51,,12:50,0.4,2.8,3.3,,2:10,-3.4,6.0,1.1,,0:10,-13.1,0.0,0.0
529,Tyler Ennis\ennisty01,TOR,C,0:33,51,,8:19,-5.3,2.1,2.6,,1:36,-3.8,4.9,2.1,,0:00,,,
530,Adam McQuaid\mcquaad01,TOT,D,0:39,50,,14:02,-7.2,1.6,2.0,,0:00,,0.0,0.0,,1:43,-5.9,0.0,0.0
531,Denis Malgin\malgide01,FLA,C,0:43,50,,11:50,1.7,2.1,3.1,,0:30,-1.5,2.5,0.0,,0:32,-3.1,0.0,2.1
532,Garrett Wilson\wilsoga01,PIT,LW,0:53,50,,6:59,-3.4,2.1,1.7,,0:00,,0.0,0.0,,0:36,-6.7,0.0,8.2
533,Henrik BorgstrÃ¶m\borgshe01,FLA,C,0:44,50,,10:52,-1.0,2.2,3.5,,1:06,2.4,9.7,2.2,,0:01,,0.0,0.0
534,Jordan Staal\staaljo01,CAR,C,0:45,50,,14:39,4.5,2.9,2.6,,1:49,1.6,4.6,0.0,,1:48,-1.9,1.3,6.6
535,Kevin Connauton\connake01,ARI,D,0:33,50,,15:28,-5.2,2.1,2.8,,0:06,-21.2,0.0,0.0,,2:45,1.3,3.0,6.1
536,Kiefer Sherwood\sherwki01,ANA,RW,0:34,50,,10:58,-1.5,2.3,2.2,,0:07,-4.5,0.0,0.0,,0:16,1.2,0.0,4.4
537,Madison Bowey\boweyma01,TOT,D,0:41,50,,14:15,-2.9,2.5,3.4,,0:02,-16.5,102.9,102.9,,0:57,-3.0,0.0,9.4
538,Paul Stastny\stastpa01,VEG,C,0:46,50,,14:58,3.0,3.9,2.8,,2:02,0.0,5.1,1.1,,1:05,-5.4,2.2,9.9
539,Sami Vatanen\vatansa01,NJD,D,0:47,50,,17:33,0.0,2.6,3.8,,2:15,2.0,3.9,0.0,,1:54,-9.9,0.0,5.9
540,Ty Rattie\rattity01,EDM,RW,0:45,50,,10:27,0.0,2.0,2.1,,0:53,2.5,6.8,1.4,,0:00,,0.0,0.0
541,Jacob Larsson\larssja01,ANA,D,0:33,49,,15:50,-0.1,2.0,2.3,,0:02,15.8,0.0,0.0,,1:14,4.5,0.0,6.9
542,Luke Kunin\kuninlu01,MIN,C,0:38,49,,13:09,-4.8,2.6,3.4,,1:16,-14.5,1.7,0.8,,1:26,-5.3,0.0,6.9
543,Victor Rask\raskvi01,TOT,C,0:32,49,,10:32,-6.0,1.6,1.8,,1:31,-5.9,5.0,2.5,,0:02,14.7,0.0,0.0
544,Devon Toews\toewsde01,NYI,D,0:59,48,,16:03,6.6,2.3,1.7,,1:46,-2.2,3.9,0.0,,0:04,91.8,0.0,0.0
545,Mats Zuccarello\zuccama01,TOT,LW,0:47,48,,15:20,8.0,7.3,0.0,,2:59,-13.3,8.1,0.0,,1:30,,,
546,Mikko Koivu\koivumi01,MIN,C,0:37,48,,14:19,1.8,2.4,2.6,,2:21,-0.5,7.5,0.5,,1:36,-2.6,0.8,7.8
547,Nathan Beaulieu\beaulna01,TOT,D,0:55,48,,14:38,4.1,3.0,2.8,,0:14,-3.3,5.9,0.0,,0:37,7.4,0.0,4.9
548,Nicolas Deslauriers\deslani01,MTL,LW,0:39,48,,9:37,-3.8,1.2,2.9,,0:01,14.1,0.0,0.0,,0:23,9.1,3.2,19.4
549,Andrew MacDonald\macdoan01,PHI,D,0:40,47,,14:24,-0.3,2.7,3.3,,0:04,14.1,21.7,0.0,,1:54,-4.4,1.3,6.7
550,Anton Stralman\stralan01,TBL,D,0:47,47,,17:29,-4.1,3.4,2.6,,0:06,-36.7,10.8,0.0,,2:55,-3.9,0.4,6.2
551,Conor Garland\garlaco01,ARI,RW,0:36,47,,10:23,5.7,2.0,1.5,,2:23,3.5,7.5,1.6,,0:00,,,
552,Lukas Sedlak\sedlalu01,CBJ,C,0:43,47,,8:21,0.6,1.8,2.6,,0:03,11.1,0.0,0.0,,0:34,2.1,0.0,6.6
553,Phil Varone\varonph01,PHI,C,0:35,47,,7:49,-3.3,2.0,2.3,,0:02,-9.9,0.0,0.0,,0:02,-13.4,0.0,0.0
554,Tim Schaller\schalti01,VAN,LW,0:23,47,,9:18,-2.1,2.4,2.6,,0:01,,0.0,0.0,,1:20,-0.7,0.0,8.1
555,Tyler Pitlick\pitlity01,DAL,C,0:44,47,,11:53,-0.6,1.9,2.3,,0:41,1.8,5.6,0.0,,0:48,-5.1,1.6,7.8
556,Filip Hronek\hronefi01,DET,D,0:38,46,,17:06,4.0,2.3,3.0,,1:40,-2.3,7.0,0.8,,1:10,4.6,2.2,10.1
557,Jesse Puljujarvi\puljuje01,EDM,RW,0:47,46,,11:28,-2.7,1.6,3.1,,0:26,-2.0,5.8,2.9,,0:01,-14.6,0.0,0.0
558,Christian Djoos\djoosch01,WSH,D,0:49,45,,13:28,2.0,2.8,1.9,,0:04,-10.2,0.0,0.0,,0:01,-15.4,0.0,110.8
559,Christian Folin\folinch01,TOT,D,0:48,45,,14:38,-5.6,2.9,2.7,,0:01,,0.0,0.0,,0:59,2.0,0.0,9.7
560,Andrew Mangiapane\mangian01,CGY,LW,0:42,44,,10:01,0.0,3.0,1.5,,0:27,2.4,0.0,0.0,,0:03,-15.2,0.0,0.0
561,Joakim Ryan\ryanjo02,SJS,D,0:48,44,,12:29,-0.7,3.2,3.4,,0:02,,0.0,0.0,,0:15,52.2,4.3,4.3
562,Markus Hannikainen\hannima01,CBJ,LW,0:29,44,,9:15,0.6,1.5,2.2,,0:03,16.1,0.0,0.0,,0:09,21.0,0.0,0.0
563,Matt Irwin\irwinma01,NSH,D,0:57,44,,11:04,1.6,2.5,1.8,,0:00,,0.0,0.0,,0:13,4.7,0.0,6.2
564,Trevor Daley\daleytr01,DET,D,0:48,44,,15:51,-7.1,2.6,3.1,,0:05,-36.1,0.0,0.0,,2:36,-5.4,1.6,8.4
565,Trevor Lewis\lewistr01,LAK,C,0:46,44,,12:28,3.1,2.0,3.0,,0:05,-16.4,0.0,0.0,,1:26,-6.3,0.0,8.5
566,Boo Nieves\nievecr01,NYR,C,0:52,43,,9:03,-7.7,2.0,2.6,,0:01,-35.7,0.0,0.0,,0:33,8.8,0.0,7.5
567,Gustav Forsling\forslgu02,CHI,D,0:44,43,,15:46,-0.3,1.7,2.6,,0:12,-2.2,6.5,0.0,,1:05,2.1,1.3,10.3
568,Michael Amadio\amadimi01,LAK,C,0:51,43,,9:33,2.0,3.1,3.1,,0:38,8.9,2.2,2.2,,0:00,,0.0,0.0
569,Micheal Haley\haleymi01,TOT,C,0:31,43,,8:02,-1.5,2.0,2.7,,0:02,16.7,0.0,0.0,,0:00,-14.4,0.0,0.0
570,Mike Green\greenmi03,DET,D,0:37,43,,19:32,1.5,3.0,2.9,,1:57,6.9,3.6,1.4,,0:10,-15.5,0.0,22.8
571,Zach Aston-Reese\astonza01,PIT,C,0:45,43,,11:38,-2.3,2.9,1.7,,0:06,-18.5,0.0,0.0,,1:54,-6.0,1.5,6.7
572,Brad Hunt\huntbr01,TOT,D,0:52,42,,12:28,5.4,1.3,2.1,,2:24,2.7,6.7,0.0,,0:00,,,
573,Dustin Byfuglien\byfugdu01,WPG,D,0:57,42,,19:29,3.0,2.9,2.3,,3:03,4.0,10.3,1.4,,1:48,5.1,0.8,6.3
574,Jayce Hawryluk\hawryja01,FLA,C,0:34,42,,9:17,1.2,2.3,3.5,,0:08,-4.5,11.3,0.0,,0:00,,,
575,Lias Andersson\anderli01,NYR,C,0:32,42,,10:00,-3.1,1.3,3.3,,0:03,,0.0,0.0,,0:39,1.5,2.2,2.2
576,Michael Del Zotto\delzomi01,TOT,D,0:41,42,,15:14,-1.3,1.9,2.8,,0:05,,0.0,0.0,,1:42,2.8,0.0,7.0
577,Alex Biega\biegaal01,VAN,D,0:49,41,,16:54,2.6,2.8,2.8,,0:04,-12.2,17.9,0.0,,0:41,5.9,0.0,2.1
578,Greg McKegg\mckeggr01,CAR,C,0:24,41,,10:30,-4.4,2.2,2.5,,0:06,-9.5,0.0,0.0,,0:02,-12.7,0.0,0.0
579,Ilya Lyubushkin\lyubuil01,ARI,D,0:42,41,,13:27,-2.6,1.8,2.6,,0:02,15.3,0.0,0.0,,0:14,8.3,0.0,4.2
580,Joseph Morrow\morrojo02,WPG,D,0:49,41,,13:43,-5.4,3.1,3.2,,0:00,,0.0,0.0,,0:12,0.5,0.0,0.0
581,Kevin Rooney\rooneke01,NJD,C,0:28,41,,10:39,-2.0,2.1,2.8,,0:01,19.7,0.0,0.0,,1:54,-0.5,0.7,4.4
582,Michael Grabner\grabnmi01,ARI,RW,0:31,41,,11:56,-3.5,1.5,2.9,,0:05,-28.8,0.0,0.0,,2:21,3.2,6.2,2.5
583,Radim Simek\simekra01,SJS,D,0:40,41,,14:19,1.4,3.1,2.6,,0:02,-20.6,0.0,0.0,,0:50,7.7,1.4,5.8
584,Stefan Noesen\noesest01,NJD,RW,0:34,41,,12:01,-2.7,1.6,3.8,,0:41,-11.4,1.8,1.8,,0:01,-17.6,0.0,0.0
585,Juho Lammikko\lammiju01,FLA,RW,0:35,40,,9:07,-4.9,1.3,2.6,,0:04,-23.1,0.0,0.0,,1:43,4.2,0.9,6.9
586,Nick Schmaltz\schmani01,TOT,C,0:45,40,,14:26,-2.6,2.5,4.4,,3:03,10.8,10.1,0.0,,0:19,,,
587,Sheldon Dries\driessh01,COL,C,0:40,40,,8:01,-6.7,1.7,3.2,,0:04,11.5,0.0,0.0,,0:58,7.8,1.5,9.2
588,Thomas Hickey\hicketh01,NYI,D,0:43,40,,16:10,1.7,2.3,2.1,,0:04,11.9,0.0,0.0,,2:15,-0.3,2.7,9.3
589,Brandon Manning\mannibr01,TOT,D,0:35,39,,13:00,-5.7,1.8,4.3,,0:02,-87.3,0.0,0.0,,1:46,8.3,1.0,12.6
590,Jean-Gabriel Pageau\pageaje01,OTT,C,0:42,39,,14:56,0.0,1.6,2.8,,0:54,8.3,3.4,1.7,,1:59,-0.7,0.0,4.6
591,Kevan Miller\milleke03,BOS,D,0:47,39,,15:54,-3.3,2.4,1.7,,0:03,20.3,0.0,0.0,,1:46,0.7,0.9,7.8
592,Matthew Peca\pecama01,MTL,C,0:42,39,,9:14,-10.2,1.2,3.7,,0:02,14.8,0.0,0.0,,1:14,-5.0,1.2,4.9
593,Sean Walker\walkese01,LAK,D,0:31,39,,15:12,3.6,2.5,3.3,,0:08,-11.8,11.3,0.0,,0:05,-11.0,0.0,0.0
594,Steven Santini\santist01,NJD,D,1:16,39,,15:46,-5.2,1.8,2.4,,0:04,18.1,0.0,0.0,,0:48,-0.5,1.9,1.9
595,Carl Dahlstrom\dahlsca01,CHI,D,0:34,38,,16:42,-2.1,3.7,3.0,,0:01,12.5,0.0,0.0,,1:53,1.1,1.7,8.4
596,Casey Nelson\nelsoca01,BUF,D,0:46,38,,14:14,2.3,2.3,2.2,,0:00,12.3,0.0,0.0,,1:08,-1.7,0.0,6.9
597,Cody McLeod\mcleoco01,TOT,LW,0:39,38,,6:28,-4.1,0.0,5.1,,0:00,,,,,0:00,,,
598,Henri Jokiharju\jokihhe01,CHI,D,0:41,38,,17:10,5.4,2.9,3.4,,0:59,-5.2,6.3,1.6,,0:48,-4.1,0.0,5.7
599,Oliver Kylington\kylinol01,CGY,D,0:34,38,,12:21,-4.5,1.9,1.5,,0:02,15.4,0.0,0.0,,0:01,14.9,0.0,0.0
600,Austin Watson\watsoau01,NSH,LW,0:29,37,,12:42,-9.4,3.4,1.9,,0:04,-30.5,23.2,23.2,,1:42,-7.3,0.0,9.4
601,Dmitrij Jaskin\jaskidm01,WSH,RW,0:44,37,,9:49,3.9,2.1,3.1,,0:01,14.2,0.0,0.0,,0:14,2.7,0.0,6.9
602,Fredrik Claesson\claesfr01,NYR,D,0:42,37,,15:39,3.0,2.0,2.0,,0:00,-85.9,0.0,0.0,,1:34,11.4,2.0,9.2
603,Jan Rutta\ruttaja02,TOT,D,0:35,37,,14:27,-3.1,3.0,3.0,,0:02,14.8,0.0,0.0,,1:05,-6.0,0.0,6.9
604,Josh Brown\brownjo01,FLA,D,0:41,37,,12:27,0.5,1.6,2.0,,0:01,-35.3,0.0,0.0,,0:49,-1.6,0.0,5.8
605,Juuso Riikola\riikoju01,PIT,D,0:46,37,,15:35,-3.3,2.3,2.0,,1:00,6.1,5.0,0.0,,0:04,53.9,0.0,0.0
606,Miikka Salomaki\salommi01,NSH,RW,0:42,37,,10:18,-2.3,2.2,1.4,,0:01,-20.0,0.0,0.0,,0:06,-4.1,0.0,12.6
607,Tim Heed\heedti01,SJS,D,0:39,37,,12:57,-2.0,3.8,2.4,,1:22,-8.4,7.0,2.3,,0:01,87.5,0.0,0.0
608,Tom Pyatt\pyattto01,OTT,C,0:55,37,,9:54,-10.0,0.8,3.6,,0:01,-79.9,0.0,0.0,,1:46,-8.5,0.9,8.2
609,Anthony Bitetto\bitetan01,TOT,D,0:48,36,,11:46,-1.0,1.3,3.3,,0:02,10.0,0.0,0.0,,0:06,-12.8,0.0,0.0
610,Kevin Gravel\graveke01,EDM,D,0:38,36,,13:05,0.7,2.0,2.4,,0:00,11.4,0.0,0.0,,1:36,0.9,1.0,5.2
611,Lukas Radil\radillu01,SJS,C,0:35,36,,10:39,1.1,2.9,1.7,,0:01,,0.0,0.0,,0:00,,,
612,Mason Appleton\applema01,WPG,C,0:46,36,,7:55,0.2,3.6,1.7,,0:02,16.8,0.0,0.0,,0:14,-12.6,0.0,7.0
613,Rudolfs Balcers\balceru01,OTT,LW,0:35,36,,10:41,-2.9,1.9,2.7,,1:26,-3.6,8.1,2.3,,0:13,10.7,0.0,7.4
614,Tom Kuhnhackl\kuhnhto01,NYI,RW,0:33,36,,11:35,-4.4,2.2,2.3,,0:04,15.3,10.3,0.0,,1:00,-3.4,3.4,8.5
615,Alexander Petrovic\petroal01,TOT,D,0:44,35,,15:04,-5.1,0.5,4.0,,0:09,8.5,0.0,0.0,,1:17,6.9,0.0,0.0
616,Jason Demers\demerja01,ARI,D,0:42,35,,17:40,-0.5,2.1,1.6,,0:24,0.1,8.4,0.0,,1:54,-3.1,1.8,4.5
617,Steven Kampfer\kampfst01,BOS,D,0:42,35,,13:05,-0.1,2.0,2.8,,0:55,-10.4,3.7,0.0,,0:36,-4.6,0.0,11.1
618,Connor Carrick\carrico01,TOT,D,0:54,34,,15:31,-3.1,1.4,3.9,,0:51,10.1,0.0,0.0,,0:24,-0.2,0.0,0.0
619,Joey Anderson\anderjo08,NJD,RW,0:39,34,,11:25,1.6,1.7,3.0,,0:12,-18.8,0.0,0.0,,1:16,2.2,1.2,0.0
620,Luke Witkowski\witkolu01,DET,D,0:43,34,,8:57,-0.5,2.4,3.3,,0:01,16.0,0.0,0.0,,0:37,-3.8,0.0,5.7
621,Saku Maenalanen\maenasa01,CAR,RW,0:32,34,,9:00,-5.3,2.5,2.5,,0:05,-3.5,0.0,0.0,,0:20,-3.0,0.0,5.1
622,Dylan Sikura\sikurdy01,CHI,C,0:44,33,,11:16,7.6,2.7,2.4,,0:00,9.3,138.5,0.0,,0:00,,,
623,Lawrence Pilut\pilutla01,BUF,D,0:35,33,,16:30,2.5,2.3,3.2,,0:36,4.5,3.1,0.0,,0:18,-4.6,0.0,0.0
624,Matt Luff\luffma01,LAK,RW,0:32,33,,10:35,-4.6,2.4,2.4,,0:31,-10.3,7.0,7.0,,0:00,,,
625,Paul Ladue\laduepa01,LAK,D,0:44,33,,13:03,2.2,2.2,2.2,,0:03,18.5,0.0,0.0,,0:06,8.3,0.0,34.0
626,Taylor Hall\hallta02,NJD,LW,0:45,33,,16:14,6.5,3.8,4.0,,3:23,-0.6,7.6,2.0,,0:02,32.7,0.0,0.0
627,Bogdan Kiselevich\kiselbo01,FLA,D,0:46,32,,14:01,0.9,1.9,2.3,,0:00,,0.0,0.0,,0:49,14.3,0.0,2.3
628,Charles Hudon\hudonch01,MTL,LW,0:46,32,,10:04,-7.0,1.7,3.2,,1:35,3.6,2.4,0.0,,0:00,,,
629,Mathew Dumba\dumbama01,MIN,D,0:47,32,,19:06,2.2,2.6,3.1,,2:43,-0.8,11.0,1.4,,1:32,8.2,3.6,8.5
630,Michael Chaput\chapumi01,MTL,C,0:42,32,,9:13,-4.2,1.8,2.8,,0:01,,0.0,0.0,,1:58,-4.7,0.9,7.6
631,Robby Fabbri\fabbrro01,STL,C,0:39,32,,11:44,-7.2,2.6,2.9,,0:53,-9.4,6.3,4.2,,0:01,-13.7,0.0,0.0
632,Sam Gagner\gagnesa01,TOT,C,0:38,32,,13:08,5.6,2.7,3.0,,1:25,-0.5,2.6,2.6,,0:01,,,
633,Sammy Blais\blaissa01,STL,LW,0:39,32,,9:39,-0.5,1.9,2.1,,0:11,-1.8,19.3,0.0,,0:00,,,
634,Troy Terry\terrytr01,ANA,C/RW,0:38,32,,12:01,1.1,2.5,1.1,,1:52,6.4,10.7,1.0,,0:02,-10.5,0.0,0.0
635,Brandon Pirri\pirribr01,VEG,C,0:49,31,,12:27,3.5,3.5,2.4,,1:59,-3.7,4.5,0.9,,0:00,,,
636,Corey Perry\perryco01,ANA,RW,0:46,31,,12:59,-2.1,1.2,3.1,,1:49,-5.6,5.3,3.2,,0:00,,0.0,0.0
637,Dryden Hunt\huntdr01,FLA,LW,0:31,31,,10:58,-1.3,2.6,2.6,,0:03,-25.1,21.6,0.0,,0:00,,,
638,Slater Koekkoek\koekksl01,TOT,D,0:42,31,,14:27,3.5,3.9,3.2,,0:03,,0.0,0.0,,1:18,-12.5,0.0,11.0
639,Christian Wolanin\wolanch01,OTT,D,0:32,30,,15:23,2.5,3.9,3.2,,1:52,-4.6,6.4,2.1,,0:03,84.5,0.0,0.0
640,Martin Frk\frkma01,DET,RW,0:44,30,,8:07,-2.0,1.7,3.4,,1:03,-1.2,5.7,5.7,,0:00,,,
641,Max Jones\jonesma03,ANA,LW,0:39,30,,11:45,2.0,1.9,1.9,,0:38,-5.9,6.2,3.1,,0:45,11.0,0.0,0.0
642,Ondrej Kase\kaseon01,ANA,RW,0:38,30,,13:26,10.2,3.4,3.0,,2:11,-2.2,3.6,2.7,,0:01,16.5,0.0,0.0
643,Sami Niku\nikusa01,WPG,D,0:34,30,,13:46,-2.4,2.2,2.2,,0:07,14.0,0.0,0.0,,0:01,,0.0,0.0
644,Julius Honka\honkaju01,DAL,D,0:44,29,,13:03,0.6,2.5,3.0,,0:25,-12.0,0.0,0.0,,0:14,-5.9,8.5,8.5
645,Justin Schultz\schulju01,PIT,D,0:52,29,,17:56,-7.0,2.5,2.3,,2:24,1.4,11.2,1.7,,0:09,22.4,0.0,15.3
646,Mackenzie MacEachern\maceama01,STL,LW,1:13,29,,8:01,-4.5,1.5,1.5,,0:00,,0.0,0.0,,0:00,,0.0,0.0
647,Jakob Forsbacka Karlsson\forsbja01,BOS,C,0:47,28,,11:09,-3.1,1.9,1.5,,0:21,7.9,6.0,6.0,,0:16,-9.6,0.0,15.5
648,Jaycob Megna\megnaja02,ANA,D,0:44,28,,12:31,-1.5,2.1,2.2,,0:00,,0.0,0.0,,2:00,3.1,0.0,7.5
649,Michael Dal Colle\dalcomi01,NYI,LW,0:34,28,,11:53,0.4,2.4,1.8,,0:12,-17.0,0.0,0.0,,0:00,,,
650,Teddy Blueger\bluegte01,PIT,C,0:37,28,,9:45,-2.2,2.2,1.3,,0:01,,0.0,0.0,,1:17,0.7,5.0,10.1
651,Valentin Zykov\zykovva01,TOT,LW,0:47,28,,8:28,0.7,0.6,0.6,,1:28,-4.1,5.7,1.9,,0:00,,,
652,Antti Suomela\suomean01,SJS,C,0:35,27,,11:11,-1.2,1.6,1.4,,0:02,14.6,0.0,0.0,,0:04,14.0,0.0,27.7
653,Jori Lehtera\lehtejo01,PHI,C,0:48,27,,7:31,-3.4,1.8,3.6,,0:04,,0.0,0.0,,1:30,-1.7,0.0,10.7
654,Vinni Lettieri\lettivi01,NYR,C,0:43,27,,9:24,-4.0,0.9,2.4,,0:33,-2.4,7.9,0.0,,0:10,15.6,0.0,12.5
655,Andrew Ladd\laddan01,NYI,LW,0:33,26,,12:51,-1.3,2.5,2.2,,0:34,5.1,0.0,0.0,,0:24,14.1,5.7,5.7
656,Andy Welinski\welinan01,ANA,D,0:43,26,,15:11,2.4,2.0,2.7,,0:44,-7.0,3.0,0.0,,0:06,-15.1,0.0,0.0
657,Brandon Sutter\suttebr03,VAN,C/RW,0:53,26,,13:26,-6.4,1.7,3.8,,0:54,7.5,2.6,2.6,,3:07,-1.0,0.7,2.1
658,Jonas Siegenthaler\siegejo01,WSH,D,0:39,26,,13:05,-1.4,2.5,1.4,,0:00,,0.0,0.0,,1:03,1.4,0.0,6.6
659,Luke Schenn\schenlu01,TOT,D,0:35,26,,12:40,-3.2,0.7,4.8,,0:00,,,,,1:13,-11.1,0.0,7.3
660,Matt Hendricks\hendrma01,TOT,C,0:54,26,,8:03,-0.9,1.4,2.0,,0:02,-34.7,0.0,0.0,,0:44,-9.4,0.0,6.2
661,Ryan Graves\gravery01,COL,D,0:39,26,,9:53,-0.7,3.0,2.3,,0:00,,0.0,0.0,,1:12,5.1,1.9,3.8
662,Sven Baertschi\baertsv01,VAN,LW,0:45,26,,12:08,-0.2,2.1,3.5,,2:59,3.3,7.0,1.5,,0:01,-12.3,0.0,0.0
663,Carl Gunnarsson\gunnaca01,STL,D,0:44,25,,14:13,1.8,3.9,2.7,,0:01,17.0,0.0,0.0,,1:41,4.8,1.4,8.5
664,Chris Wideman\widemch01,TOT,D,0:39,25,,10:53,-7.0,3.5,4.6,,2:08,-17.9,0.0,11.4,,0:00,,,
665,Dean Kukan\kukande01,CBJ,D,0:27,25,,13:25,1.8,2.3,1.3,,0:01,,0.0,0.0,,0:01,,,
666,Dillon Dube\dubedi01,CGY,C,0:30,25,,9:18,-7.3,2.3,1.8,,0:28,-11.8,0.0,0.0,,0:17,-2.1,0.0,16.5
667,Egor Yakovlev\yakoveg01,NJD,D,0:46,25,,15:31,-3.1,2.2,3.1,,0:06,-29.3,0.0,0.0,,0:01,,0.0,0.0
668,Matt Roy\royma04,LAK,D,0:37,25,,15:28,-3.8,3.3,3.4,,0:09,11.5,0.0,0.0,,1:30,6.1,0.0,0.0
669,Trevor Moore\mooretr01,TOR,LW,0:33,25,,8:49,-2.3,2.4,2.2,,0:14,-4.5,0.0,0.0,,0:01,-18.3,0.0,0.0
670,Alexandre Fortin\fortial01,CHI,LW,0:34,24,,10:08,1.2,1.7,3.4,,0:03,,0.0,0.0,,0:23,5.7,6.5,19.4
671,Andreas Martinsen\martian01,CHI,LW,0:29,24,,7:40,-6.0,1.6,3.6,,0:01,,0.0,0.0,,0:14,6.0,10.7,32.0
672,Andrej Sekera\sekeran01,EDM,D,0:43,24,,14:39,4.1,2.9,2.7,,0:30,10.0,4.6,0.0,,1:18,7.7,3.8,5.7
673,Juuso Valimaki\valimju01,CGY,D,0:42,24,,14:02,-5.3,1.8,2.3,,0:08,-1.7,0.0,0.0,,1:18,0.5,1.9,9.6
674,Martin Marincin\marinma01,TOR,D,0:42,24,,13:44,2.0,2.5,3.3,,0:01,,0.0,0.0,,1:25,9.2,0.0,7.0
675,Phillip Di Giuseppe\digiuph01,TOT,LW,0:48,24,,9:42,-1.9,2.1,2.7,,0:23,-1.8,0.0,0.0,,0:02,-20.4,0.0,0.0
676,Corban Knight\knighco01,PHI,C,0:33,23,,8:44,-9.4,1.2,2.7,,0:03,,,,,0:53,-12.6,0.0,7.9
677,Jean-Sebastien Dea\deaje01,TOT,C,0:34,23,,9:16,-2.8,1.9,2.2,,0:21,-9.7,0.0,0.0,,0:37,-12.7,0.0,4.7
678,Patrik Berglund\berglpa01,BUF,C,0:56,23,,11:22,-1.5,1.4,2.5,,0:32,-4.1,4.8,0.0,,1:07,-5.8,0.0,4.7
679,Vladislav Kamenev\kamenvl01,COL,LW,1:15,23,,7:21,-6.1,1.8,2.8,,0:59,6.4,10.7,0.0,,0:40,4.4,3.8,11.5
680,Zac Rinaldo\rinalza01,NSH,C,0:46,23,,7:07,-8.6,1.5,1.1,,0:00,,0.0,0.0,,0:00,,,
681,Korbinian Holzer\holzeko01,ANA,D,0:39,22,,13:29,-1.9,3.2,2.4,,0:02,,0.0,0.0,,2:32,2.5,1.1,10.7
682,Kurtis Gabriel\gabriku01,NJD,RW,0:44,22,,7:20,-8.0,2.2,2.2,,0:01,14.8,0.0,0.0,,0:00,,,
683,Sam Steel\steelsa01,ANA,C,0:32,22,,12:51,-1.6,2.6,1.9,,1:35,-12.9,3.3,5.0,,0:31,3.9,5.4,5.4
684,Ben Street\streebe01,ANA,C,0:40,21,,10:00,-3.0,1.7,2.9,,0:04,,0.0,0.0,,1:59,1.5,0.0,8.6
685,Denis Gurianov\guriade01,DAL,RW,0:52,21,,9:43,-6.6,0.9,1.8,,1:06,-3.6,7.8,0.0,,0:02,,0.0,0.0
686,Josh Currie\currijo01,EDM,RW,0:52,21,,8:39,-1.4,2.3,1.6,,0:03,15.2,0.0,0.0,,0:00,,,
687,Michael McLeod\mcleomi01,NJD,C,0:51,21,,11:48,-4.3,0.7,2.7,,0:18,4.3,0.0,9.1,,0:05,33.7,32.7,32.7
688,Noah Juulsen\juulsno01,MTL,D,0:46,21,,14:57,-5.4,3.6,2.7,,0:01,13.7,0.0,0.0,,2:07,4.5,0.0,5.4
689,Philippe Myers\myersph01,PHI,D,0:40,21,,14:29,4.8,2.0,3.0,,0:08,16.2,0.0,0.0,,0:43,8.6,0.0,6.6
690,Anders Bjork\bjorkan01,BOS,LW,0:49,20,,10:53,-3.6,1.1,1.4,,0:50,-6.4,14.2,0.0,,0:04,-14.6,0.0,44.4
691,Christian Dvorak\dvorach01,ARI,C,0:35,20,,13:00,-0.3,2.3,2.8,,1:19,-9.5,2.3,0.0,,0:02,,,
692,Clark Bishop\bishocl01,CAR,C,0:36,20,,9:06,-3.2,2.6,3.6,,0:08,-7.4,0.0,0.0,,0:12,-10.2,0.0,0.0
693,Dalton Prout\proutda01,CGY,D,1:01,20,,11:53,-1.5,2.8,2.8,,0:01,-83.3,0.0,0.0,,1:11,-1.0,2.5,5.0
694,Drake Batherson\bathedr01,OTT,C,0:55,20,,11:32,-10.1,2.6,2.9,,1:52,-14.9,4.8,1.6,,0:00,,,
695,Haydn Fleury\fleurha01,CAR,D,0:40,20,,12:09,-2.8,3.2,2.5,,0:02,,0.0,0.0,,0:20,-7.5,9.0,0.0
696,Jake Dotchin\dotchja01,ANA,D,0:46,20,,11:07,-5.3,1.3,2.7,,0:00,,,,,0:41,14.9,4.4,8.8
697,Jordan Schmaltz\schmajo01,STL,D,0:35,20,,11:01,-7.6,1.6,3.5,,0:03,-23.2,0.0,0.0,,0:24,6.5,0.0,7.5
698,Nick Paul\paulni01,OTT,LW,0:41,20,,8:26,8.5,1.4,5.0,,0:01,-82.3,0.0,0.0,,0:00,,,
699,Peter Cehlarik\cehlape01,BOS,LW,0:38,20,,11:21,7.4,2.4,1.6,,1:13,2.7,4.9,0.0,,0:00,,,
700,Blake Pietila\pietibl01,NJD,LW,0:35,19,,11:46,-9.0,1.1,2.9,,0:38,-3.0,0.0,0.0,,0:50,-13.7,0.0,0.0
701,Connor Clifton\cliftco01,BOS,D,0:50,19,,17:01,2.3,2.0,1.1,,0:02,,0.0,0.0,,0:38,0.0,0.0,9.9
702,Gavin Bayreuther\bayrega01,DAL,D,0:43,19,,16:19,2.1,2.3,1.9,,1:20,1.3,4.7,0.0,,0:31,-4.2,0.0,0.0
703,Ian McCoshen\mccosia01,FLA,D,0:44,19,,12:19,-5.1,2.1,2.6,,0:00,,0.0,0.0,,0:59,-2.0,0.0,0.0
704,Jamie McGinn\mcginja01,FLA,LW,0:36,19,,9:38,-1.6,2.3,3.6,,1:01,-7.0,6.1,3.1,,0:00,,,
705,John Quenneville\quennjo02,NJD,C,0:45,19,,10:17,-2.3,1.8,1.8,,1:00,-9.0,0.0,3.1,,0:00,,,
706,Xavier Ouellet\ouellxa01,MTL,D,0:43,19,,15:35,2.5,1.6,2.2,,0:04,-55.1,0.0,0.0,,1:20,-3.0,0.0,9.4
707,Chad Ruhwedel\ruhwech01,PIT,D,0:38,18,,14:54,0.2,1.3,3.4,,0:03,16.1,0.0,0.0,,1:18,-6.4,0.0,10.4
708,David Schlemko\schleda01,MTL,D,0:50,18,,16:17,4.2,2.7,2.9,,1:21,12.1,7.3,0.0,,2:12,-5.4,0.0,12.1
709,Joel L'Esperance\lespejo01,DAL,RW,0:40,18,,10:57,-0.6,0.3,1.5,,1:17,6.7,5.2,0.0,,0:00,,,
710,Nic Petan\petanni01,TOT,C,0:35,18,,7:09,-2.0,1.7,6.7,,0:28,-0.3,0.0,0.0,,0:00,,,
711,Ashton Sautner\sautnas01,VAN,D,0:39,17,,14:18,-2.8,1.7,2.2,,0:00,,0.0,0.0,,0:13,-15.0,0.0,0.0
712,Caleb Jones\jonesca01,EDM,D,0:51,17,,17:59,3.4,2.4,4.1,,0:41,-5.7,5.1,0.0,,1:07,-4.0,0.0,9.4
713,Gemel Smith\smithge02,TOT,C,0:41,17,,8:20,-10.5,0.0,6.0,,0:00,,,,,0:02,,,
714,Jason Garrison\garrija01,EDM,D,0:33,17,,10:36,-6.3,2.0,1.7,,1:05,-9.2,3.2,0.0,,0:59,7.9,0.0,10.7
715,Josh Mahura\mahurjo01,ANA,D,0:36,17,,13:20,-6.4,2.1,2.1,,0:52,-1.9,16.1,0.0,,0:05,-10.3,0.0,0.0
716,Kailer Yamamoto\yamamka01,EDM,RW,0:51,17,,11:45,3.6,1.2,2.7,,0:54,-17.5,3.9,3.9,,0:24,0.0,0.0,8.8
717,Ross Johnston\johnsro02,NYI,LW,0:44,17,,7:52,2.5,3.1,1.8,,0:00,,0.0,0.0,,0:02,-8.3,0.0,0.0
718,Tomas Hyka\hykato01,VEG,RW,0:49,17,,9:46,8.7,2.5,3.3,,1:59,4.4,7.1,0.0,,0:00,,,
719,Brad Malone\malonbr01,EDM,C/LW,0:41,16,,7:58,-5.5,0.5,0.5,,0:02,,0.0,0.0,,0:55,-8.9,0.0,12.1
720,Jeremy Lauzon\lauzoje01,BOS,D,0:52,16,,13:21,-2.4,0.8,1.1,,0:01,19.6,0.0,0.0,,2:08,9.4,0.0,8.7
721,Joel Hanley\hanlejo01,DAL,D,0:49,16,,13:02,5.9,1.4,1.4,,0:10,-85.8,0.0,0.0,,0:28,13.2,0.0,7.8
722,Jordan Kyrou\kyroujo01,STL,C,0:43,16,,9:21,-10.1,1.6,2.0,,0:17,7.1,0.0,0.0,,0:00,,,
723,Remi Elie\eliere01,BUF,LW,0:38,16,,9:12,-7.7,0.4,1.6,,0:04,9.8,0.0,0.0,,1:04,0.7,0.0,10.5
724,A.J. Greer\greeraj01,COL,LW,0:42,15,,6:16,-1.4,1.3,2.6,,0:00,,0.0,0.0,,0:00,,,
725,Carl Grundstrom\grundca01,LAK,RW,0:58,15,,12:56,2.7,2.2,2.8,,2:00,2.8,4.0,4.0,,0:00,-15.5,0.0,0.0
726,Erik Haula\haulaer01,VEG,LW,0:48,15,,14:04,5.8,2.3,2.0,,2:21,3.2,1.7,0.0,,0:09,82.3,0.0,0.0
727,Isac Lundestrom\lundeis01,ANA,C,0:44,15,,11:50,-3.2,2.0,2.4,,0:23,-45.2,0.0,0.0,,0:47,-5.3,0.0,10.1
728,Joseph Gambardella\gambajo01,EDM,C,0:33,15,,8:05,-8.8,3.0,2.0,,0:00,,0.0,0.0,,0:00,,,
729,Luke Johnson\johnslu01,CHI,C,0:28,15,,9:08,-3.5,0.9,3.9,,0:19,-5.1,12.1,12.1,,1:20,-12.5,0.0,12.0
730,Mikhail Vorobyev\vorobmi01,PHI,C,0:43,15,,8:26,-7.5,2.8,1.9,,0:53,-19.6,0.0,8.9,,0:00,,,
731,Nate Prosser\prossna01,MIN,D,0:43,15,,9:45,-1.6,1.3,0.8,,0:02,-85.4,0.0,0.0,,0:25,33.0,0.0,0.0
732,Scott Wilson\wilsosc01,BUF,C/LW,0:39,15,,10:09,-1.7,1.2,4.3,,0:00,,0.0,0.0,,1:17,-5.2,0.0,9.3
733,Trent Frederic\fredetr01,BOS,C,0:37,15,,8:57,-4.5,0.0,1.8,,0:20,-27.6,11.8,0.0,,0:06,-12.9,0.0,35.6
734,Connor Brickley\brickco01,NYR,C,0:38,14,,8:58,-9.3,2.4,1.0,,0:00,,,,,0:00,,,
735,Jordan Nolan\nolanjo01,STL,C,0:31,14,,7:54,1.9,3.9,2.8,,0:01,,,,,0:00,,,
736,Matt Hunwick\hunwima01,BUF,D,0:31,14,,14:21,-5.4,0.9,3.0,,0:02,,0.0,0.0,,1:17,-10.4,0.0,10.0
737,Max McCormick\mccorma01,OTT,LW,0:51,14,,7:11,-1.5,0.6,4.2,,0:01,16.9,0.0,0.0,,0:16,-14.4,0.0,0.0
738,Michael Stone\stonemi01,CGY,D,0:42,14,,13:32,-2.4,2.8,2.8,,0:30,1.6,0.0,0.0,,1:53,-0.3,0.0,11.6
739,Alan Quine\quineal01,CGY,C,0:52,13,,9:16,-4.3,2.0,2.0,,0:13,-1.5,20.1,0.0,,0:00,,,
740,Chris Butler\butlech01,STL,D,0:29,13,,13:05,5.2,2.5,1.4,,0:00,,0.0,0.0,,0:56,-4.0,0.0,14.8
741,Eric Robinson\robiner01,CBJ,LW,0:36,13,,11:44,-0.8,0.4,2.0,,0:05,16.1,0.0,0.0,,0:00,,,
742,Jonny Brodzinski\brodzjo01,LAK,C,1:04,13,,9:37,-3.3,2.4,2.4,,0:17,-8.5,15.7,0.0,,0:00,,,
743,Rourke Chartier\chartro01,SJS,C,0:38,13,,8:58,-4.8,1.0,3.6,,0:01,,0.0,0.0,,0:23,-21.1,0.0,0.0
744,Zach Trotman\trotmza01,PIT,D,0:36,13,,13:25,-4.1,2.4,1.0,,1:13,-2.7,3.7,0.0,,0:36,-0.8,0.0,7.6
745,Alexander Nylander\nylanal01,BUF,LW,0:59,12,,11:11,5.0,1.8,3.1,,0:58,5.1,10.2,0.0,,0:00,,,
746,Darren Archibald\archida02,TOT,RW,0:41,12,,7:22,-13.2,0.0,6.1,,0:00,,,,,0:00,,,
747,Mark Barberio\barbema01,COL,D,0:39,12,,12:42,-11.8,1.6,4.3,,0:00,,,,,2:30,1.6,2.0,4.0
748,Matt Read\readma01,MIN,RW,0:34,12,,10:58,2.5,2.3,3.2,,0:09,-84.7,0.0,0.0,,0:36,-1.2,0.0,16.4
749,Max Veronneau\veronma01,OTT,RW,0:37,12,,11:19,-5.8,1.3,3.5,,1:11,4.4,12.6,0.0,,0:00,,,
750,Andrew Agozzino\agozzan01,COL,LW,0:51,11,,7:15,-2.1,2.3,0.8,,0:05,,0.0,0.0,,0:27,3.9,0.0,12.1
751,C.J. Smith\smithcj01,BUF,LW,0:36,11,,10:16,1.7,1.6,1.6,,0:04,,0.0,0.0,,0:17,-15.7,0.0,0.0
752,Joe Hicketts\hickejo01,DET,D,0:50,11,,15:55,-9.0,0.7,3.8,,0:02,,0.0,0.0,,2:36,-0.1,0.0,12.5
753,Justin Bailey\baileju01,PHI,RW,0:53,11,,5:44,-1.8,1.9,1.9,,0:00,,,,,0:00,,,
754,Justin Dowling\dowliju01,DAL,C,0:31,11,,11:40,2.8,0.9,2.8,,0:59,11.3,16.5,0.0,,0:00,,,
755,Justin Holl\hollju01,TOR,D,0:47,11,,12:27,-2.0,2.6,5.3,,0:02,,0.0,0.0,,0:00,,,
756,Karson Kuhlman\kuhlmka01,BOS,C,0:33,11,,11:24,6.9,4.3,1.9,,0:00,,,,,0:44,-7.1,0.0,14.8
757,Kurtis MacDermid\macdeku01,LAK,D,0:40,11,,8:53,6.9,2.5,3.1,,0:02,,0.0,0.0,,0:24,-13.2,0.0,0.0
758,Nick Lappin\lappini01,NJD,RW,0:29,11,,12:25,-4.4,0.4,3.1,,1:11,0.7,4.5,0.0,,0:03,,0.0,0.0
759,Wade Megan\meganwa01,DET,C,0:34,11,,7:43,0.1,1.4,4.3,,0:00,,,,,0:09,24.2,0.0,30.5
760,Brandon Davidson\davidbr01,CHI,D,0:41,10,,12:23,-1.7,1.5,3.4,,0:03,,0.0,0.0,,1:20,1.7,0.0,4.5
761,Eric Gryba\grybaer01,NJD,D,0:48,10,,14:00,4.6,2.2,2.7,,0:00,,0.0,0.0,,1:16,-0.9,0.0,7.0
762,Joshua Ho-Sang\hosanjo01,NYI,C/RW,0:37,10,,12:36,10.8,1.4,0.5,,1:55,-13.0,9.4,0.0,,0:00,,,
763,Justin Falk\falkju01,OTT,D,0:36,10,,11:47,-2.4,1.0,3.1,,0:00,,0.0,0.0,,1:07,4.4,0.0,0.0
764,Max Comtois\comtoma01,ANA,LW,0:31,10,,13:05,-9.8,3.7,1.4,,1:29,-3.8,0.0,8.1,,0:00,,,
765,Ryan Kuffner\kuffnry01,DET,LW,0:45,10,,10:02,-8.3,0.0,1.8,,0:53,0.6,6.7,6.7,,0:00,,,
766,Steven Fogarty\fogarst01,NYR,C,0:51,10,,7:45,-5.8,0.8,1.5,,0:00,,,,,0:00,,,
767,Taro Hirose\hirosta01,DET,LW,0:48,10,,14:23,-8.5,2.9,2.5,,0:54,-11.1,6.6,13.3,,0:00,,,
768,Alex Formenton\formeal01,OTT,LW,0:42,9,,11:10,-4.5,1.8,3.0,,0:05,14.4,0.0,0.0,,0:24,-12.6,0.0,16.6
769,Danick Martel\marteda01,TBL,LW,0:46,9,,10:00,-3.6,2.7,0.7,,0:01,-82.5,0.0,0.0,,0:09,-10.9,0.0,0.0
770,Filip Zadina\zadinfi01,DET,RW,0:47,9,,13:04,-6.9,1.0,3.6,,2:18,11.5,8.7,0.0,,0:00,,,
771,Joseph Blandisi\blandjo01,TOT,C,0:33,9,,7:13,-5.6,2.0,4.0,,0:01,,0.0,0.0,,0:11,-18.6,0.0,0.0
772,Karl Alzner\alzneka01,MTL,D,0:48,9,,15:08,-3.5,1.8,1.3,,0:02,15.6,0.0,0.0,,2:07,5.6,0.0,9.4
773,Luca Sbisa\sbisalu01,NYI,D,0:38,9,,13:42,0.7,1.9,1.9,,0:00,,0.0,0.0,,1:45,13.5,0.0,3.8
774,Marc Methot\methoma01,DAL,D,0:32,9,,15:17,-8.4,1.7,3.1,,0:00,,0.0,0.0,,1:38,-6.2,0.0,4.1
775,Nicolas Aube-Kubel\aubekni01,PHI,RW,0:32,9,,5:32,4.8,1.2,0.0,,0:02,,0.0,0.0,,0:00,,,
776,Brendan Guhle\guhlebr01,TOT,D,0:42,8,,13:58,2.2,0.7,2.7,,1:01,1.1,0.0,0.0,,0:00,,,
777,Dylan Gambrell\gambrdy01,SJS,C,0:38,8,,8:15,-2.9,0.9,0.0,,0:01,,0.0,0.0,,0:20,88.9,0.0,0.0
778,Guillaume Brisebois\brisegu01,VAN,D,0:37,8,,10:58,0.4,1.4,4.1,,0:02,,,,,0:00,,,
779,Kalle Kossila\kossika01,ANA,LW,0:48,8,,8:19,-0.7,0.9,1.8,,0:07,9.9,0.0,0.0,,1:51,2.0,0.0,8.1
780,Marko DaÅˆo\danoma01,COL,C,0:44,8,,6:50,-1.7,1.1,2.2,,0:00,,,,,0:02,-13.3,0.0,0.0
781,Matt Puempel\puempma01,DET,LW,0:47,8,,9:40,-3.1,0.0,1.5,,0:42,-27.0,10.6,0.0,,0:00,,,
782,Nikita Scherbak\scherni01,LAK,RW,0:38,8,,10:06,6.0,1.5,4.5,,0:04,15.3,0.0,0.0,,0:00,,,
783,Sonny Milano\milanso01,CBJ,LW,0:37,8,,8:07,10.5,2.8,2.8,,0:12,7.9,0.0,0.0,,0:00,,,
784,Tanner Fritz\fritzta01,NYI,C,0:43,8,,10:28,-6.1,0.7,2.9,,0:00,,,,,0:20,13.3,0.0,0.0
785,Dylan McIlrath\mcilrdy01,DET,D,0:38,7,,13:18,3.3,2.6,1.3,,0:00,,,,,1:52,6.2,0.0,4.6
786,Evan Bouchard\bouchev01,EDM,D,0:31,7,,10:48,11.0,0.8,4.0,,1:27,-22.0,5.9,5.9,,0:05,-13.7,0.0,0.0
787,Janne Kuokkanen\kuokkja01,CAR,C/LW,0:53,7,,8:34,-9.9,1.0,3.0,,2:14,-5.6,7.7,0.0,,0:06,,0.0,0.0
788,Martin Hanzal\hanzama01,DAL,C,0:38,7,,9:43,-4.8,1.8,5.3,,1:55,-4.8,13.4,0.0,,1:13,5.8,0.0,7.0
789,Martin Necas\necasma01,CAR,C,0:42,7,,8:06,-11.0,2.1,2.1,,1:55,-3.3,0.0,0.0,,0:00,,,
790,Maxim Mamin\maminma01,FLA,C/RW,0:38,7,,7:17,6.3,0.0,2.4,,0:03,-91.6,0.0,0.0,,0:00,,,
791,Nathan Bastian\bastina01,NJD,RW,0:27,7,,11:03,3.4,2.4,2.4,,1:37,-13.1,0.0,0.0,,0:00,,,
792,Patrick Eaves\eavespa01,ANA,RW,0:46,7,,12:18,-8.5,1.4,3.5,,1:33,5.8,5.5,5.5,,0:00,,,
793,Paul Carey\careypa01,TOT,C,0:44,7,,10:25,-2.5,4.2,4.2,,0:02,14.3,0.0,0.0,,0:11,,,
794,Sheldon Rempal\rempash01,LAK,RW,0:40,7,,8:44,-3.9,1.0,2.0,,0:00,,,,,0:00,,,
795,Adam Johnson\johnsad01,PIT,C,0:32,6,,5:18,-1.3,5.7,1.9,,0:00,,,,,0:00,,,
796,Colin Blackwell\blackco01,NSH,C,0:35,6,,9:38,7.1,0.0,1.0,,0:05,-36.8,0.0,0.0,,0:00,,,
797,Cooper Marody\marodco01,EDM,C,0:49,6,,6:49,5.5,0.0,0.0,,0:05,-79.2,0.0,109.1,,0:00,,,
798,Daniel Carr\carrda01,VEG,LW,1:03,6,,9:41,10.1,2.1,3.1,,0:08,,0.0,0.0,,0:00,,,
799,Eric Tangradi\tangrer01,NJD,C,0:34,6,,11:59,3.7,0.8,3.3,,1:46,-13.5,0.0,0.0,,0:01,,,
800,Erik Condra\condrer01,DAL,RW,0:37,6,,11:29,9.1,0.9,2.6,,1:12,-13.3,0.0,0.0,,0:00,,,
801,Jack Rodewald\rodewja01,OTT,RW,0:30,6,,7:03,-8.0,0.0,0.0,,0:00,,,,,0:00,,,
802,Kyle Rau\rauky01,MIN,C,0:41,6,,7:00,7.8,1.4,1.4,,0:00,,,,,0:00,,,
803,Libor Sulak\sulakli01,DET,D,0:40,6,,17:12,-10.8,1.2,4.1,,0:01,,0.0,0.0,,2:09,0.9,4.6,4.6
804,Nicolas Roy\royni01,CAR,C,0:48,6,,6:51,-10.9,0.0,0.0,,0:00,,,,,0:05,-31.4,0.0,102.9
805,Patrick Russell\russepa01,EDM,RW,0:46,6,,8:09,18.1,0.0,0.0,,0:10,,0.0,0.0,,0:27,-14.6,0.0,0.0
806,Sam Carrick\carrisa01,ANA,C,0:21,6,,9:58,-7.7,1.0,2.0,,0:00,,,,,0:14,38.2,0.0,0.0
807,Victor Olofsson\olofsvi01,BUF,RW,0:47,6,,16:05,7.5,2.5,1.9,,1:52,-8.3,10.7,0.0,,0:03,,0.0,0.0
808,Andrej Sustr\sustran01,ANA,D,0:32,5,,11:44,0.4,1.0,1.0,,0:08,-23.3,0.0,0.0,,0:09,-6.1,0.0,75.0
809,Cody Goloubef\golouco01,OTT,D,0:46,5,,10:32,-5.4,1.1,1.1,,0:00,,,,,0:16,89.4,0.0,0.0
810,Dillon Heatherington\heathdi01,DAL,D,0:38,5,,10:08,6.1,5.9,1.2,,0:03,14.3,0.0,0.0,,0:00,,,
811,Filip Chlapik\chlapfi01,OTT,C,0:47,5,,12:13,12.1,2.0,3.9,,1:38,33.8,0.0,0.0,,0:00,,,
812,Jake Chelios\chelija01,DET,D,1:01,5,,16:28,-0.4,0.7,0.7,,0:00,,,,,0:44,12.8,0.0,0.0
813,Jaret Anderson-Dolan\anderja01,LAK,C,0:43,5,,9:49,-8.6,2.4,4.9,,1:47,5.4,0.0,0.0,,0:00,,,
814,John Gilmour\gilmojo01,NYR,D,0:45,5,,15:56,-14.7,0.8,3.0,,0:07,-87.8,0.0,0.0,,0:00,,0.0,0.0
815,Kristian Vesalainen\vesalkr01,WPG,W,0:39,5,,6:46,-1.4,1.8,1.8,,0:03,,0.0,0.0,,0:00,,,
816,Libor Hajek\hajekli01,NYR,D,0:48,5,,15:29,9.0,2.3,1.6,,0:08,,0.0,0.0,,0:54,4.8,0.0,0.0
817,Logan O'Connor\oconnlo01,COL,RW,0:49,5,,6:17,-6.7,0.0,3.8,,0:00,,,,,0:31,57.4,0.0,23.1
818,Michael Bunting\buntimi01,ARI,LW,0:44,5,,9:33,3.6,1.3,1.3,,0:00,,,,,0:00,,,
819,Nikita Soshnikov\soshnni01,STL,RW,0:38,5,,7:08,-15.0,1.7,3.4,,0:01,,0.0,0.0,,0:00,,,
820,Quinn Hughes\hughequ01,VAN,D,0:38,5,,16:48,13.0,1.4,1.4,,1:16,2.4,28.1,0.0,,0:00,,,
821,Ryan Lindgren\lindgry01,NYR,D,0:47,5,,13:51,2.8,0.9,6.1,,0:00,,,,,0:43,6.4,0.0,0.0
822,Samuel Morin\morinsa01,PHI,D,0:33,5,,11:27,0.7,1.0,4.2,,0:00,11.5,0.0,0.0,,0:54,1.9,0.0,0.0
823,Stephen Gionta\giontst01,NYI,C,0:44,5,,7:41,-10.3,0.0,6.2,,0:01,,,,,1:04,-8.2,0.0,22.4
824,Adam Clendening\clendad01,CBJ,D,0:40,4,,8:52,-7.7,3.4,1.7,,0:17,12.1,0.0,0.0,,1:30,9.5,0.0,10.0
825,Anthony Peluso\pelusan01,CGY,RW,0:40,4,,4:06,-4.9,0.0,3.6,,0:00,,,,,0:00,,,
826,Ben Gleason\gleasbe01,DAL,D,0:33,4,,13:55,-2.1,2.2,3.2,,0:57,22.2,0.0,0.0,,0:00,,,
827,Brian Lashoff\lashobr01,DET,D,0:35,4,,12:25,-9.3,2.4,3.6,,0:00,,,,,1:14,5.8,0.0,0.0
828,Calle Rosen\rosenca01,TOR,D,0:39,4,,16:11,-1.1,3.7,6.5,,0:29,-45.7,0.0,0.0,,0:01,-27.8,0.0,600.0
829,Cameron Schilling\schilca01,WPG,D,0:42,4,,11:31,-4.7,2.6,2.6,,0:00,,,,,0:34,-10.5,0.0,23.4
830,Daniel Brickley\brickda01,LAK,D,0:32,4,,12:33,-6.1,2.4,4.8,,0:02,,0.0,0.0,,0:12,-11.1,0.0,0.0
831,Dante Fabbro\fabbrda01,NSH,D,0:44,4,,12:31,0.4,1.2,2.4,,0:00,,,,,0:13,,0.0,0.0
832,Dominic Turgeon\turgedo01,DET,C,0:26,4,,10:54,-0.1,0.0,4.1,,0:00,,,,,1:41,-24.5,0.0,26.7
833,Eeli Tolvanen\tolvaee01,NSH,RW,0:44,4,,11:49,7.0,2.5,0.0,,1:27,5.2,10.3,0.0,,0:00,,,
834,Erik Burgdoerfer\burgder01,OTT,D,0:31,4,,10:14,0.6,0.0,1.5,,0:09,-81.8,0.0,0.0,,0:16,-3.0,0.0,53.7
835,Kevin Stenlund\stenlke01,CBJ,C,0:36,4,,10:56,-0.3,0.0,0.0,,0:01,,,,,0:00,,,
836,Matt Beleskey\belesma01,NYR,LW,0:34,4,,7:22,-8.9,2.0,0.0,,0:00,,,,,0:00,,,
837,Matt Tennyson\tennyma01,BUF,D,0:50,4,,10:38,3.6,2.8,8.5,,0:01,,,,,0:04,,0.0,0.0
838,Ryan Lomberg\lombery01,CGY,LW,0:45,4,,6:32,-29.0,0.0,0.0,,0:26,,0.0,0.0,,0:00,,,
839,Timothy Gettinger\gettiti01,NYR,LW,0:44,4,,7:31,-9.4,2.0,2.0,,0:00,,,,,0:00,,,
840,William Borgen\borgewi01,BUF,D,0:39,4,,15:48,-0.3,0.0,4.7,,0:00,,,,,0:44,-9.1,0.0,0.0
841,Zack MacEwen\macewza01,VAN,C,0:32,4,,6:28,-2.0,2.3,11.6,,0:40,12.5,0.0,0.0,,0:02,,,
842,Andreas Englund\engluan01,OTT,D,1:00,3,,12:37,16.8,0.0,4.8,,0:02,,0.0,0.0,,0:41,20.0,29.3,0.0
843,Brendan Gaunce\gauncbr01,VAN,C,0:34,3,,7:36,4.5,10.5,2.6,,0:00,,,,,0:00,,,
844,Colton White\whiteco03,NJD,D,0:32,3,,13:51,-14.7,1.4,4.3,,0:18,12.5,0.0,0.0,,0:03,,,
845,Jacob Middleton\middlja01,SJS,D,0:54,3,,9:32,6.2,4.2,6.3,,0:00,,,,,0:23,,0.0,0.0
846,Kevin Roy\royke01,ANA,C,0:42,3,,12:51,15.0,0.0,1.6,,0:11,5.7,0.0,0.0,,0:00,,,
847,Nathan Walker\walkena01,WSH,C,0:47,3,,7:18,-0.8,2.7,0.0,,0:24,-9.6,0.0,0.0,,0:25,-9.4,0.0,46.8
848,Ryan Murphy\murphry01,TOT,D,1:00,3,,10:12,-9.6,3.1,0.0,,0:57,,,,,0:00,,,
849,Stefan Elliott\elliost01,OTT,D,0:39,3,,8:18,13.3,4.8,2.4,,0:41,,0.0,0.0,,0:00,,,
850,Tomas Plekanec\plekato01,MTL,C,0:39,3,,9:20,-3.1,4.3,4.3,,0:05,9.3,0.0,0.0,,1:26,-8.2,0.0,27.7
851,Adam Cracknell\crackad01,ANA,RW,0:33,2,,10:16,6.2,0.0,2.9,,0:00,,,,,0:10,,,
852,Alexandre Texier\texieal01,CBJ,C,0:41,2,,12:46,-13.4,7.0,0.0,,0:00,,,,,0:00,,,
853,Anton Lindholm\lindhan01,COL,D,0:46,2,,6:20,-0.5,0.0,4.6,,0:00,,,,,0:50,-15.4,0.0,0.0
854,Brogan Rafferty\raffebr01,VAN,D,0:37,2,,13:21,19.6,0.0,2.2,,0:00,,,,,0:00,,,
855,Cameron Gaunce\gauncca01,TBL,D,0:57,2,,14:33,5.7,4.1,0.0,,0:00,,,,,1:06,33.3,27.1,0.0
856,Dominic Toninato\tonindo01,COL,C,0:39,2,,6:28,-15.1,4.6,4.6,,0:00,,,,,0:14,-17.6,0.0,0.0
857,Erik Brannstrom\branner01,OTT,D,0:44,2,,16:04,1.1,1.9,1.9,,1:42,44.4,0.0,0.0,,0:17,71.4,0.0,0.0
858,Jacob MacDonald\macdoja02,FLA,D,0:38,2,,11:23,5.6,2.6,0.0,,0:40,12.5,0.0,0.0,,0:00,,,
859,Jacob Nilsson\nilssja01,CHI,C,0:26,2,,6:52,-4.1,0.0,8.7,,0:00,,,,,0:59,-6.7,0.0,0.0
860,Jake Bean\beanja01,CAR,D,0:34,2,,8:18,-16.4,0.0,0.0,,0:09,,0.0,0.0,,0:00,,,
861,Jakub Zboril\zborija01,BOS,D,0:32,2,,10:54,15.4,0.0,0.0,,0:00,,,,,0:02,,,
862,Kerby Rychel\rycheke01,CGY,LW,0:49,2,,8:55,-16.7,0.0,3.4,,0:15,23.8,120.0,0.0,,0:00,,,
863,Kole Sherwood\sherwko01,CBJ,RW,0:43,2,,8:27,-12.4,3.6,0.0,,0:48,,0.0,0.0,,0:00,,,
864,Kyle Capobianco\capobky01,ARI,D,0:34,2,,14:27,-5.1,0.0,4.2,,1:37,13.3,0.0,0.0,,0:00,,,
865,Lee Stempniak\stemple01,BOS,RW,0:49,2,,7:49,-1.0,0.0,3.8,,0:00,,,,,0:00,,,
866,Logan Brown\brownlo01,OTT,C,0:43,2,,7:58,4.3,0.0,3.8,,2:32,54.9,0.0,11.8,,0:00,,,
867,Louis Belpedio\belpelo01,MIN,D,0:54,2,,13:06,-4.8,2.3,2.3,,0:01,,,,,0:00,,,
868,Mark Alt\altma01,COL,D,0:38,2,,9:30,8.4,0.0,0.0,,0:00,,,,,0:24,-7.1,0.0,0.0
869,Mark Letestu\letesma01,CBJ,C,0:27,2,,8:59,-16.3,0.0,3.3,,0:20,0.0,87.8,0.0,,0:00,,,
870,Matt Bartkowski\bartkma01,MIN,D,0:39,2,,10:42,-13.2,5.6,0.0,,0:00,,,,,0:00,,,
871,Matt Donovan\donovma01,NSH,D,0:34,2,,7:23,-14.7,4.1,4.1,,0:00,,,,,0:00,,,
872,Nico Sturm\sturmni01,MIN,C,0:38,2,,11:57,12.7,0.0,0.0,,0:07,,0.0,0.0,,0:43,-22.2,0.0,0.0
873,Tyler Lewington\lewinty01,WSH,D,0:31,2,,13:14,13.8,6.8,0.0,,0:00,,,,,0:33,100.0,0.0,0.0
874,Tyrell Goulbourne\goulbty01,PHI,LW,0:32,2,,7:24,0.5,0.0,0.0,,0:00,,,,,0:00,,,
875,Urho Vaakanainen\vaakaur01,BOS,D,0:39,2,,8:39,9.8,0.0,3.5,,0:00,,,,,0:26,-3.6,0.0,0.0
876,Zachary Senyshyn\senysza01,BOS,RW,0:43,2,,11:14,-5.1,2.7,2.7,,0:00,,,,,0:21,-25.0,0.0,85.7
877,Anthony Greco\grecoan01,FLA,RW,0:35,1,,9:30,8.6,0.0,18.9,,0:00,,,,,0:00,,,
878,Anthony Richard\richaan01,NSH,C,0:32,1,,7:22,-18.7,0.0,8.1,,0:00,,,,,0:00,,,
879,Anton Blidh\blidhan01,BOS,LW,0:42,1,,12:20,-16.7,0.0,0.0,,0:00,,,,,1:26,100.0,0.0,0.0
880,Blake Lizotte\lizotbl01,LAK,C,0:45,1,,11:12,28.4,0.0,5.4,,0:00,,,,,0:00,,,
881,Brady Keeper\keepebr01,FLA,D,0:40,1,,12:40,11.8,4.7,0.0,,0:00,,,,,0:00,,,
882,Brandon Gignac\gignabr01,NJD,C,0:48,1,,9:04,0.0,0.0,13.2,,0:00,,,,,0:00,,,
883,Chase De Leo\deleoch01,ANA,C,0:46,1,,12:01,1.7,5.4,0.0,,0:00,,,,,0:31,,0.0,0.0
884,Chris Thorburn\thorbch01,STL,RW,0:37,1,,1:52,-39.8,0.0,0.0,,0:00,,,,,0:00,,,
885,Cory Conacher\conacco01,TBL,LW,0:48,1,,8:26,16.2,0.0,0.0,,0:09,,,,,0:00,,,
886,Curtis Lazar\lazarcu01,CGY,C/RW,0:40,1,,4:48,7.7,0.0,12.5,,0:00,,,,,0:00,,,
887,Dakota Mermis\mermida01,ARI,D,0:41,1,,11:20,5.6,5.3,0.0,,0:00,,,,,0:00,,,
888,Danny O'Regan\oregada01,BUF,C,0:47,1,,11:03,-3.3,0.0,0.0,,0:53,0.0,0.0,0.0,,0:00,,,
889,Dennis Gilbert\gilbede01,CHI,D,0:41,1,,12:46,-0.5,0.0,0.0,,0:00,,,,,0:00,,,
890,Derek MacKenzie\mackede01,FLA,C,0:40,1,,2:43,-11.2,0.0,0.0,,0:00,,,,,0:00,,,
891,Gabriel Carlsson\carlsga01,CBJ,D,0:27,1,,8:22,-12.8,0.0,7.2,,0:00,,,,,0:59,0.0,0.0,0.0
892,Jakub Jerabek\jerabja01,STL,D,0:23,1,,7:25,-7.3,0.0,24.3,,0:02,,0.0,0.0,,0:25,75.0,0.0,0.0
893,Jimmy Schuldt\schulja01,VEG,D,0:59,1,,19:12,-9.3,6.2,9.4,,1:49,33.3,0.0,0.0,,0:02,,,
894,Josh Teves\tevesjo01,VAN,D,0:38,1,,13:40,-13.4,0.0,4.4,,0:00,,,,,0:00,,,
895,Joshua Jacobs\jacobjo01,NJD,D,0:50,1,,14:54,1.3,0.0,4.0,,0:00,,,,,0:00,,,
896,Justin Kloos\kloosju01,ANA,C,0:34,1,,7:04,37.7,0.0,0.0,,0:00,,,,,0:00,,,
897,Laurent Dauphin\dauphla01,ARI,C,0:40,1,,12:19,3.8,0.0,4.9,,0:00,,,,,0:00,,,
898,Mark Friedman\friedma01,PHI,D,0:34,1,,12:33,-1.8,0.0,4.8,,0:00,,,,,0:00,,,
899,Nelson Nogier\nogiene01,WPG,D,0:45,1,,10:06,-4.6,0.0,0.0,,0:00,,,,,0:00,,,
900,Reid Boucher\bouchre01,VAN,C,0:24,1,,5:28,5.2,0.0,0.0,,0:00,,,,,0:00,,,
901,Rem Pitlick\pitlire01,NSH,C,0:41,1,,9:43,-5.4,0.0,0.0,,0:00,,0.0,0.0,,0:00,,,
902,Riley Stillman\stillri01,FLA,D,0:36,1,,11:22,31.3,5.3,5.3,,0:00,,,,,0:00,,,
903,Ryan Poehling\poehlry01,MTL,C,0:31,1,,10:40,20.5,16.9,0.0,,0:00,,,,,0:42,0.0,0.0,0.0
904,Trevor Carrick\carritr01,CAR,D,0:48,1,,11:29,-2.4,0.0,5.2,,0:00,,,,,0:00,,,
905,Vitaly Abramov\abramvi01,OTT,RW,0:30,1,,13:01,-1.8,0.0,9.2,,0:51,-60.0,0.0,70.6,,0:00,,,
906,Zac Dalpe\dalpeza01,CBJ,RW,0:29,1,,9:01,-11.8,6.7,0.0,,0:00,,,,,0:00,,,